Wavelength (nm),Transmission (%),,,,,,
2500,68.98935318,,,,,,
2499,69.39151764,,,,,,
2498,69.41403771,,,,,,
2497,70.18435669,,,,,,
2496,70.66642189,,,,,,
2495,69.94462586,,,,,,
2494,69.86620713,,,,,,
2493,70.32969857,,,,,,
2492,71.38969994,,,,,,
2491,70.57604981,,,,,,
2490,70.0969162,,,,,,
2489,69.83598137,,,,,,
2488,70.65193558,,,,,,
2487,70.99028206,,,,,,
2486,70.70741272,,,,,,
2485,70.86929512,,,,,,
2484,71.39872742,,,,,,
2483,71.38153267,,,,,,
2482,71.34153176,,,,,,
2481,72.00718499,,,,,,
2480,71.37355614,,,,,,
2479,72.12375832,,,,,,
2478,71.57901001,,,,,,
2477,71.58575631,,,,,,
2476,72.55113411,,,,,,
2475,71.86973382,,,,,,
2474,72.80243111,,,,,,
2473,72.18381119,,,,,,
2472,72.73294259,,,,,,
2471,71.97412872,,,,,,
2470,73.6987896,,,,,,
2469,72.86666108,,,,,,
2468,72.75796127,,,,,,
2467,72.84529877,,,,,,
2466,73.90131951,,,,,,
2465,72.61781311,,,,,,
2464,73.26638794,,,,,,
2463,72.64345741,,,,,,
2462,73.9552002,,,,,,
2461,73.07767678,,,,,,
2460,73.07933808,,,,,,
2459,72.9766922,,,,,,
2458,73.43045426,,,,,,
2457,73.5946579,,,,,,
2456,73.38355446,,,,,,
2455,73.53475952,,,,,,
2454,72.58080674,,,,,,
2453,73.40284729,,,,,,
2452,73.41309357,,,,,,
2451,73.465971,,,,,,
2450,74.18697739,,,,,,
2449,74.13653374,,,,,,
2448,74.19279099,,,,,,
2447,73.96864128,,,,,,
2446,74.28265572,,,,,,
2445,73.94744492,,,,,,
2444,73.67206001,,,,,,
2443,74.37683869,,,,,,
2442,73.88073158,,,,,,
2441,74.3140812,,,,,,
2440,74.91629028,,,,,,
2439,74.30779076,,,,,,
2438,74.46862412,,,,,,
2437,75.34532929,,,,,,
2436,75.9329834,,,,,,
2435,74.93682289,,,,,,
2434,75.63186646,,,,,,
2433,75.1830101,,,,,,
2432,75.04920769,,,,,,
2431,75.37453842,,,,,,
2430,75.30057717,,,,,,
2429,75.36971283,,,,,,
2428,75.5375061,,,,,,
2427,75.94596863,,,,,,
2426,75.54038048,,,,,,
2425,75.55417824,,,,,,
2424,76.12952423,,,,,,
2423,75.73892212,,,,,,
2422,75.66120339,,,,,,
2421,76.23073197,,,,,,
2420,76.12218094,,,,,,
2419,76.40092087,,,,,,
2418,76.20924378,,,,,,
2417,75.62312889,,,,,,
2416,76.37920762,,,,,,
2415,76.62145996,,,,,,
2414,76.28265381,,,,,,
2413,76.51778412,,,,,,
2412,76.52417374,,,,,,
2411,77.06122208,,,,,,
2410,77.38796234,,,,,,
2409,76.2998581,,,,,,
2408,76.71325303,,,,,,
2407,76.18793106,,,,,,
2406,77.43404007,,,,,,
2405,76.98513794,,,,,,
2404,76.94673157,,,,,,
2403,77.52040863,,,,,,
2402,77.06751251,,,,,,
2401,77.28046799,,,,,,
2400,77.4044838,,,,,,
2399,77.61310578,,,,,,
2398,77.23152542,,,,,,
2397,77.01328278,,,,,,
2396,78.14639664,,,,,,
2395,77.30814743,,,,,,
2394,77.77921677,,,,,,
2393,77.59433365,,,,,,
2392,77.80461503,,,,,,
2391,78.04235077,,,,,,
2390,77.90762711,,,,,,
2389,77.77272415,,,,,,
2388,77.60381317,,,,,,
2387,77.31197358,,,,,,
2386,78.18700791,,,,,,
2385,77.42595673,,,,,,
2384,78.021698,,,,,,
2383,78.30195618,,,,,,
2382,77.48281479,,,,,,
2381,78.10680771,,,,,,
2380,77.80544662,,,,,,
2379,77.89616013,,,,,,
2378,78.21078873,,,,,,
2377,77.634758,,,,,,
2376,77.79714966,,,,,,
2375,78.10342408,,,,,,
2374,77.57516861,,,,,,
2373,77.83218766,,,,,,
2372,77.89742279,,,,,,
2371,77.46410752,,,,,,
2370,77.74798966,,,,,,
2369,77.90922928,,,,,,
2368,78.14475632,,,,,,
2367,78.08408737,,,,,,
2366,77.86614227,,,,,,
2365,78.30997468,,,,,,
2364,78.27695847,,,,,,
2363,78.26664734,,,,,,
2362,78.07197189,,,,,,
2361,77.78699112,,,,,,
2360,77.50538254,,,,,,
2359,78.22174835,,,,,,
2358,77.98698425,,,,,,
2357,77.80496979,,,,,,
2356,77.92520523,,,,,,
2355,78.02826309,,,,,,
2354,77.99775315,,,,,,
2353,77.91932678,,,,,,
2352,77.78582001,,,,,,
2351,77.95125962,,,,,,
2350,77.82971573,,,,,,
2349,77.89968109,,,,,,
2348,78.17505264,,,,,,
2347,78.10146332,,,,,,
2346,77.94558716,,,,,,
2345,77.91955185,,,,,,
2344,77.76016999,,,,,,
2343,77.69137574,,,,,,
2342,77.7849083,,,,,,
2341,77.43693924,,,,,,
2340,77.4040947,,,,,,
2339,78.20005798,,,,,,
2338,77.85118866,,,,,,
2337,77.63214112,,,,,,
2336,77.30789185,,,,,,
2335,77.8698845,,,,,,
2334,77.64425659,,,,,,
2333,77.66190339,,,,,,
2332,77.59082794,,,,,,
2331,77.83876801,,,,,,
2330,77.13359452,,,,,,
2329,77.34061432,,,,,,
2328,77.25263977,,,,,,
2327,76.87728882,,,,,,
2326,77.60546875,,,,,,
2325,77.41766358,,,,,,
2324,77.3861847,,,,,,
2323,77.39174652,,,,,,
2322,77.33700943,,,,,,
2321,76.99788666,,,,,,
2320,76.80084229,,,,,,
2319,77.2613945,,,,,,
2318,77.07043076,,,,,,
2317,76.57762909,,,,,,
2316,76.77298356,,,,,,
2315,76.61419296,,,,,,
2314,76.72934342,,,,,,
2313,76.68218994,,,,,,
2312,76.40764237,,,,,,
2311,76.08390427,,,,,,
2310,76.46899796,,,,,,
2309,76.05023575,,,,,,
2308,76.06512833,,,,,,
2307,76.14391327,,,,,,
2306,76.14702225,,,,,,
2305,75.74203873,,,,,,
2304,75.56087876,,,,,,
2303,74.98021126,,,,,,
2302,75.29763031,,,,,,
2301,75.05354691,,,,,,
2300,75.22041702,,,,,,
2299,75.42533493,,,,,,
2298,74.50036049,,,,,,
2297,74.61400604,,,,,,
2296,74.70603943,,,,,,
2295,74.60424423,,,,,,
2294,74.53487778,,,,,,
2293,74.28858567,,,,,,
2292,73.88581467,,,,,,
2291,73.623312,,,,,,
2290,73.64988518,,,,,,
2289,73.55862427,,,,,,
2288,73.07760811,,,,,,
2287,73.27174759,,,,,,
2286,72.70127678,,,,,,
2285,72.51776314,,,,,,
2284,72.41645813,,,,,,
2283,72.4850502,,,,,,
2282,72.68424416,,,,,,
2281,72.01063729,,,,,,
2280,71.62574196,,,,,,
2279,71.54172898,,,,,,
2278,71.41157151,,,,,,
2277,70.98093605,,,,,,
2276,71.13227081,,,,,,
2275,70.46699715,,,,,,
2274,70.48837281,,,,,,
2273,70.1388607,,,,,,
2272,70.09729767,,,,,,
2271,69.74458313,,,,,,
2270,69.60395432,,,,,,
2269,69.28510284,,,,,,
2268,69.06695366,,,,,,
2267,68.79862786,,,,,,
2266,68.77761459,,,,,,
2265,68.23708535,,,,,,
2264,68.60087395,,,,,,
2263,68.45874405,,,,,,
2262,68.00444603,,,,,,
2261,67.45067978,,,,,,
2260,67.3587246,,,,,,
2259,67.00788307,,,,,,
2258,67.36784172,,,,,,
2257,66.72597122,,,,,,
2256,67.18600464,,,,,,
2255,66.15929794,,,,,,
2254,66.49434281,,,,,,
2253,66.02007866,,,,,,
2252,65.93922043,,,,,,
2251,65.60577202,,,,,,
2250,65.76441765,,,,,,
2249,65.21865464,,,,,,
2248,65.10515595,,,,,,
2247,65.28232574,,,,,,
2246,65.13568116,,,,,,
2245,65.21180344,,,,,,
2244,65.25289726,,,,,,
2243,65.00153923,,,,,,
2242,64.84804345,,,,,,
2241,64.58203888,,,,,,
2240,64.84828949,,,,,,
2239,64.71967507,,,,,,
2238,64.72003365,,,,,,
2237,64.50547219,,,,,,
2236,64.70477486,,,,,,
2235,64.10580063,,,,,,
2234,64.23154831,,,,,,
2233,64.33626938,,,,,,
2232,64.20467568,,,,,,
2231,64.25131798,,,,,,
2230,63.65193367,,,,,,
2229,63.75377846,,,,,,
2228,63.29751206,,,,,,
2227,63.31304932,,,,,,
2226,63.04890633,,,,,,
2225,62.97521019,,,,,,
2224,62.39762116,,,,,,
2223,62.41855431,,,,,,
2222,61.82816696,,,,,,
2221,61.79223251,,,,,,
2220,61.62485695,,,,,,
2219,61.1403923,,,,,,
2218,60.38948822,,,,,,
2217,60.47023392,,,,,,
2216,60.11392975,,,,,,
2215,59.85549164,,,,,,
2214,59.85419655,,,,,,
2213,59.39718056,,,,,,
2212,59.59537125,,,,,,
2211,59.75368882,,,,,,
2210,59.63069344,,,,,,
2209,59.94553757,,,,,,
2208,59.9699688,,,,,,
2207,60.30851555,,,,,,
2206,60.89609909,,,,,,
2205,61.60926247,,,,,,
2204,62.17096329,,,,,,
2203,62.80610657,,,,,,
2202,63.74739647,,,,,,
2201,64.28663064,,,,,,
2200,65.23736191,,,,,,
2199,66.14044571,,,,,,
2198,67.25085068,,,,,,
2197,68.15748787,,,,,,
2196,69.1171093,,,,,,
2195,69.74635124,,,,,,
2194,70.69264984,,,,,,
2193,71.41392136,,,,,,
2192,72.25681114,,,,,,
2191,72.53885079,,,,,,
2190,73.4432869,,,,,,
2189,73.78788376,,,,,,
2188,74.39142227,,,,,,
2187,74.76247406,,,,,,
2186,75.21886063,,,,,,
2185,75.65390778,,,,,,
2184,75.91060638,,,,,,
2183,76.15402985,,,,,,
2182,76.61692047,,,,,,
2181,76.62221146,,,,,,
2180,76.85998917,,,,,,
2179,77.23096085,,,,,,
2178,77.33969498,,,,,,
2177,77.41476059,,,,,,
2176,77.45999909,,,,,,
2175,77.55357361,,,,,,
2174,77.84136582,,,,,,
2173,77.88970566,,,,,,
2172,77.99843216,,,,,,
2171,78.14591599,,,,,,
2170,78.36999894,,,,,,
2169,78.50911713,,,,,,
2168,78.59788514,,,,,,
2167,78.59836197,,,,,,
2166,78.71278,,,,,,
2165,78.80563736,,,,,,
2164,79.06491089,,,,,,
2163,79.08188629,,,,,,
2162,79.23575211,,,,,,
2161,79.13209152,,,,,,
2160,79.19662857,,,,,,
2159,79.14179993,,,,,,
2158,79.40465927,,,,,,
2157,79.52199554,,,,,,
2156,79.49283982,,,,,,
2155,79.42355729,,,,,,
2154,79.64254761,,,,,,
2153,79.54437638,,,,,,
2152,79.87263108,,,,,,
2151,79.79450607,,,,,,
2150,79.95897293,,,,,,
2149,79.91662598,,,,,,
2148,80.14640046,,,,,,
2147,80.42586517,,,,,,
2146,80.296978,,,,,,
2145,80.12960053,,,,,,
2144,80.2803154,,,,,,
2143,80.67662049,,,,,,
2142,80.335392,,,,,,
2141,80.53692246,,,,,,
2140,80.74808884,,,,,,
2139,80.6891861,,,,,,
2138,80.98066712,,,,,,
2137,80.73287583,,,,,,
2136,80.94945145,,,,,,
2135,80.9056015,,,,,,
2134,81.16537476,,,,,,
2133,81.06529618,,,,,,
2132,81.07391739,,,,,,
2131,80.93656159,,,,,,
2130,80.84974671,,,,,,
2129,81.19781494,,,,,,
2128,81.0607872,,,,,,
2127,81.17692947,,,,,,
2126,81.29436112,,,,,,
2125,81.15409851,,,,,,
2124,81.05430603,,,,,,
2123,81.30301667,,,,,,
2122,81.22024155,,,,,,
2121,81.41945267,,,,,,
2120,81.32071686,,,,,,
2119,81.33928299,,,,,,
2118,81.44715882,,,,,,
2117,81.417202,,,,,,
2116,81.30285263,,,,,,
2115,81.43229294,,,,,,
2114,81.38331986,,,,,,
2113,81.56201935,,,,,,
2112,81.41185379,,,,,,
2111,81.37179184,,,,,,
2110,81.40630722,,,,,,
2109,81.70402145,,,,,,
2108,81.61828995,,,,,,
2107,81.48220444,,,,,,
2106,81.64017487,,,,,,
2105,81.44382859,,,,,,
2104,81.52885056,,,,,,
2103,81.58965302,,,,,,
2102,81.51869965,,,,,,
2101,81.58999252,,,,,,
2100,81.66848374,,,,,,
2099,81.56531143,,,,,,
2098,81.65789414,,,,,,
2097,81.57476807,,,,,,
2096,81.72423172,,,,,,
2095,81.68717575,,,,,,
2094,81.72262192,,,,,,
2093,81.78333283,,,,,,
2092,81.54875184,,,,,,
2091,81.75180817,,,,,,
2090,81.81455612,,,,,,
2089,81.69188309,,,,,,
2088,81.74110794,,,,,,
2087,81.72868347,,,,,,
2086,81.8496399,,,,,,
2085,81.79179764,,,,,,
2084,81.69998932,,,,,,
2083,81.91561508,,,,,,
2082,81.72877121,,,,,,
2081,81.79935456,,,,,,
2080,81.81498719,,,,,,
2079,81.79185105,,,,,,
2078,81.70866776,,,,,,
2077,81.81809998,,,,,,
2076,81.71696472,,,,,,
2075,81.7190361,,,,,,
2074,81.71666336,,,,,,
2073,81.78470612,,,,,,
2072,81.69891358,,,,,,
2071,81.77733994,,,,,,
2070,81.77478409,,,,,,
2069,81.87278366,,,,,,
2068,81.64310456,,,,,,
2067,81.92228317,,,,,,
2066,81.69260788,,,,,,
2065,81.64294815,,,,,,
2064,81.77311325,,,,,,
2063,81.7025032,,,,,,
2062,81.65975571,,,,,,
2061,81.57335281,,,,,,
2060,81.95522308,,,,,,
2059,81.78403092,,,,,,
2058,81.77883911,,,,,,
2057,81.81499481,,,,,,
2056,81.85606003,,,,,,
2055,81.71668244,,,,,,
2054,82.00384522,,,,,,
2053,81.77393723,,,,,,
2052,81.88251877,,,,,,
2051,81.90459061,,,,,,
2050,81.79457092,,,,,,
2049,81.91297913,,,,,,
2048,82.0220604,,,,,,
2047,82.03634644,,,,,,
2046,81.89797592,,,,,,
2045,81.84429932,,,,,,
2044,82.07035065,,,,,,
2043,81.92676163,,,,,,
2042,81.91006089,,,,,,
2041,81.82759476,,,,,,
2040,81.91845703,,,,,,
2039,82.09708786,,,,,,
2038,82.02785874,,,,,,
2037,82.00518799,,,,,,
2036,81.91771698,,,,,,
2035,82.02266312,,,,,,
2034,81.94893647,,,,,,
2033,82.13248062,,,,,,
2032,82.21942139,,,,,,
2031,82.16492081,,,,,,
2030,82.09371185,,,,,,
2029,82.15716171,,,,,,
2028,82.27277375,,,,,,
2027,82.15456009,,,,,,
2026,82.16233063,,,,,,
2025,82.15806198,,,,,,
2024,82.17109681,,,,,,
2023,82.23691559,,,,,,
2022,82.24012757,,,,,,
2021,82.21714783,,,,,,
2020,82.24310303,,,,,,
2019,82.29862595,,,,,,
2018,82.27161789,,,,,,
2017,82.21908188,,,,,,
2016,82.44758225,,,,,,
2015,82.3311081,,,,,,
2014,82.09994507,,,,,,
2013,82.37168884,,,,,,
2012,82.28168869,,,,,,
2011,82.39130402,,,,,,
2010,82.3952179,,,,,,
2009,82.33335495,,,,,,
2008,82.42975998,,,,,,
2007,82.34252167,,,,,,
2006,82.28578186,,,,,,
2005,82.4800148,,,,,,
2004,82.30056763,,,,,,
2003,82.26665115,,,,,,
2002,82.23667908,,,,,,
2001,82.3194046,,,,,,
2000,82.46792603,,,,,,
1999,82.46677018,,,,,,
1998,82.47716141,,,,,,
1997,82.4538765,,,,,,
1996,82.46652985,,,,,,
1995,82.43104935,,,,,,
1994,82.58536148,,,,,,
1993,82.42199326,,,,,,
1992,82.40879822,,,,,,
1991,82.54442597,,,,,,
1990,82.38777924,,,,,,
1989,82.3095665,,,,,,
1988,82.39522171,,,,,,
1987,82.29784393,,,,,,
1986,82.51402664,,,,,,
1985,82.41960526,,,,,,
1984,82.45746994,,,,,,
1983,82.37116623,,,,,,
1982,82.30461503,,,,,,
1981,82.39668274,,,,,,
1980,82.40728379,,,,,,
1979,82.46919632,,,,,,
1978,82.56878662,,,,,,
1977,82.4010849,,,,,,
1976,82.30575181,,,,,,
1975,82.37338257,,,,,,
1974,82.53569413,,,,,,
1973,82.43428422,,,,,,
1972,82.25632096,,,,,,
1971,82.48482895,,,,,,
1970,82.38513184,,,,,,
1969,82.51971817,,,,,,
1968,82.37462616,,,,,,
1967,82.40151978,,,,,,
1966,82.3887024,,,,,,
1965,82.37052155,,,,,,
1964,82.50260544,,,,,,
1963,82.35442734,,,,,,
1962,82.2486496,,,,,,
1961,82.34822464,,,,,,
1960,82.40515137,,,,,,
1959,82.35260773,,,,,,
1958,82.39341736,,,,,,
1957,82.27869034,,,,,,
1956,82.22101593,,,,,,
1955,82.28116989,,,,,,
1954,82.33867645,,,,,,
1953,82.27187729,,,,,,
1952,82.33129502,,,,,,
1951,82.38842392,,,,,,
1950,82.29438019,,,,,,
1949,82.27452088,,,,,,
1948,82.3923645,,,,,,
1947,82.33629608,,,,,,
1946,82.3398552,,,,,,
1945,82.31877136,,,,,,
1944,82.28369522,,,,,,
1943,82.19724655,,,,,,
1942,82.33415985,,,,,,
1941,82.25911331,,,,,,
1940,82.27217102,,,,,,
1939,82.13328934,,,,,,
1938,82.26715088,,,,,,
1937,82.25765228,,,,,,
1936,82.24516678,,,,,,
1935,82.23071671,,,,,,
1934,82.28330994,,,,,,
1933,82.29574585,,,,,,
1932,82.20598602,,,,,,
1931,82.16376877,,,,,,
1930,82.24185181,,,,,,
1929,82.12417603,,,,,,
1928,82.14538956,,,,,,
1927,82.1086998,,,,,,
1926,82.2937851,,,,,,
1925,82.27077866,,,,,,
1924,82.11932755,,,,,,
1923,82.14974976,,,,,,
1922,82.16231156,,,,,,
1921,82.17235184,,,,,,
1920,82.11222077,,,,,,
1919,82.10141754,,,,,,
1918,82.13113403,,,,,,
1917,82.10465622,,,,,,
1916,82.10939789,,,,,,
1915,82.15381241,,,,,,
1914,82.05810929,,,,,,
1913,82.07833099,,,,,,
1912,82.06792069,,,,,,
1911,82.08702851,,,,,,
1910,81.86101532,,,,,,
1909,81.92926407,,,,,,
1908,81.99794007,,,,,,
1907,81.96134186,,,,,,
1906,82.02935791,,,,,,
1905,81.93255997,,,,,,
1904,81.95292282,,,,,,
1903,82.10743332,,,,,,
1902,81.95335388,,,,,,
1901,81.95337296,,,,,,
1900,81.92803574,,,,,,
1899,82.13122559,,,,,,
1898,81.88153839,,,,,,
1897,81.98078537,,,,,,
1896,81.9583397,,,,,,
1895,81.92413712,,,,,,
1894,81.92708206,,,,,,
1893,81.76376343,,,,,,
1892,81.9218216,,,,,,
1891,81.87532806,,,,,,
1890,81.95442581,,,,,,
1889,81.82721711,,,,,,
1888,81.97222519,,,,,,
1887,81.87640763,,,,,,
1886,81.94985581,,,,,,
1885,81.86602402,,,,,,
1884,81.81457138,,,,,,
1883,81.78631592,,,,,,
1882,81.81303787,,,,,,
1881,81.87765122,,,,,,
1880,81.79626847,,,,,,
1879,81.69540024,,,,,,
1878,81.84337998,,,,,,
1877,81.87776947,,,,,,
1876,81.82252884,,,,,,
1875,81.80111313,,,,,,
1874,81.66713333,,,,,,
1873,81.84074402,,,,,,
1872,81.73847199,,,,,,
1871,81.78074646,,,,,,
1870,81.64155197,,,,,,
1869,81.63019562,,,,,,
1868,81.81821823,,,,,,
1867,81.80974579,,,,,,
1866,81.69981384,,,,,,
1865,81.63898468,,,,,,
1864,81.64713669,,,,,,
1863,81.62044907,,,,,,
1862,81.6569252,,,,,,
1861,81.63920212,,,,,,
1860,81.56454468,,,,,,
1859,81.57770539,,,,,,
1858,81.63825608,,,,,,
1857,81.6714058,,,,,,
1856,81.56100846,,,,,,
1855,81.56869889,,,,,,
1854,81.6891861,,,,,,
1853,81.51633453,,,,,,
1852,81.48630142,,,,,,
1851,81.55048752,,,,,,
1850,81.46951675,,,,,,
1849,81.545578,,,,,,
1848,81.46473694,,,,,,
1847,81.40566635,,,,,,
1846,81.46735383,,,,,,
1845,81.47629166,,,,,,
1844,81.52833557,,,,,,
1843,81.44305039,,,,,,
1842,81.41132737,,,,,,
1841,81.40217209,,,,,,
1840,81.47519684,,,,,,
1839,81.39172745,,,,,,
1838,81.4709549,,,,,,
1837,81.42326355,,,,,,
1836,81.41957474,,,,,,
1835,81.35264969,,,,,,
1834,81.36629105,,,,,,
1833,81.26193238,,,,,,
1832,81.28253174,,,,,,
1831,81.25261688,,,,,,
1830,81.32814789,,,,,,
1829,81.22279358,,,,,,
1828,81.38074112,,,,,,
1827,81.26376724,,,,,,
1826,81.31729889,,,,,,
1825,81.29073715,,,,,,
1824,81.30308533,,,,,,
1823,81.15530777,,,,,,
1822,81.19061661,,,,,,
1821,81.13853455,,,,,,
1820,81.14315033,,,,,,
1819,81.0611763,,,,,,
1818,81.11134339,,,,,,
1817,81.09629441,,,,,,
1816,81.11569977,,,,,,
1815,81.02566147,,,,,,
1814,81.05472565,,,,,,
1813,81.06254197,,,,,,
1812,81.11435318,,,,,,
1811,81.03793335,,,,,,
1810,80.93364334,,,,,,
1809,81.11172104,,,,,,
1808,81.01097489,,,,,,
1807,81.00188065,,,,,,
1806,80.99242401,,,,,,
1805,80.89040757,,,,,,
1804,80.94404221,,,,,,
1803,80.91617966,,,,,,
1802,80.862957,,,,,,
1801,80.87971115,,,,,,
1800,80.84560776,,,,,,
1799,80.83607864,,,,,,
1798,80.84949112,,,,,,
1797,80.78442002,,,,,,
1796,80.77062226,,,,,,
1795,80.76296616,,,,,,
1794,80.73434067,,,,,,
1793,80.74382401,,,,,,
1792,80.66001892,,,,,,
1791,80.6962204,,,,,,
1790,80.68206406,,,,,,
1789,80.61223602,,,,,,
1788,80.66558075,,,,,,
1787,80.59101105,,,,,,
1786,80.56667709,,,,,,
1785,80.59999848,,,,,,
1784,80.59133912,,,,,,
1783,80.5547638,,,,,,
1782,80.54364014,,,,,,
1781,80.5227089,,,,,,
1780,80.54109955,,,,,,
1779,80.46509552,,,,,,
1778,80.47996903,,,,,,
1777,80.42247009,,,,,,
1776,80.39278031,,,,,,
1775,80.34147263,,,,,,
1774,80.36846924,,,,,,
1773,80.40270996,,,,,,
1772,80.36039353,,,,,,
1771,80.27235032,,,,,,
1770,80.29768753,,,,,,
1769,80.29246903,,,,,,
1768,80.32641602,,,,,,
1767,80.27383042,,,,,,
1766,80.23023606,,,,,,
1765,80.23603821,,,,,,
1764,80.1831131,,,,,,
1763,80.17060852,,,,,,
1762,80.11790085,,,,,,
1761,80.11362076,,,,,,
1760,80.04049301,,,,,,
1759,80.13247681,,,,,,
1758,80.05869675,,,,,,
1757,80.05619431,,,,,,
1756,80.02790451,,,,,,
1755,80.06039429,,,,,,
1754,79.96049118,,,,,,
1753,79.95120239,,,,,,
1752,79.91571045,,,,,,
1751,79.96599579,,,,,,
1750,79.9156456,,,,,,
1749,79.9670372,,,,,,
1748,79.8195076,,,,,,
1747,79.83993149,,,,,,
1746,79.80302048,,,,,,
1745,79.7771225,,,,,,
1744,79.79669953,,,,,,
1743,79.71675492,,,,,,
1742,79.82720185,,,,,,
1741,79.68535614,,,,,,
1740,79.73291398,,,,,,
1739,79.65375138,,,,,,
1738,79.62753296,,,,,,
1737,79.61842346,,,,,,
1736,79.56667328,,,,,,
1735,79.50863648,,,,,,
1734,79.53603363,,,,,,
1733,79.51988221,,,,,,
1732,79.49136353,,,,,,
1731,79.43474197,,,,,,
1730,79.42562867,,,,,,
1729,79.45160294,,,,,,
1728,79.3983078,,,,,,
1727,79.42460632,,,,,,
1726,79.34411622,,,,,,
1725,79.30486679,,,,,,
1724,79.2731514,,,,,,
1723,79.28454209,,,,,,
1722,79.26044083,,,,,,
1721,79.24094772,,,,,,
1720,79.20142746,,,,,,
1719,79.18424988,,,,,,
1718,79.12226868,,,,,,
1717,79.12617874,,,,,,
1716,79.05397415,,,,,,
1715,79.11391068,,,,,,
1714,79.1318512,,,,,,
1713,79.01097488,,,,,,
1712,79.06140137,,,,,,
1711,78.98420334,,,,,,
1710,78.96211624,,,,,,
1709,78.87803269,,,,,,
1708,78.89690018,,,,,,
1707,78.81087113,,,,,,
1706,78.8306427,,,,,,
1705,78.81847763,,,,,,
1704,78.82086945,,,,,,
1703,78.79142762,,,,,,
1702,78.71689224,,,,,,
1701,78.73178864,,,,,,
1700,78.66287613,,,,,,
1699,78.63667679,,,,,,
1698,78.61875153,,,,,,
1697,78.60362626,,,,,,
1696,78.56716538,,,,,,
1695,78.60658265,,,,,,
1694,78.54293442,,,,,,
1693,78.52188492,,,,,,
1692,78.49075699,,,,,,
1691,78.50454712,,,,,,
1690,78.44512558,,,,,,
1689,78.41229248,,,,,,
1688,78.3591919,,,,,,
1687,78.3806572,,,,,,
1686,78.26820374,,,,,,
1685,78.35434723,,,,,,
1684,78.2830925,,,,,,
1683,78.24486542,,,,,,
1682,78.23564148,,,,,,
1681,78.19145203,,,,,,
1680,78.14646149,,,,,,
1679,78.15365601,,,,,,
1678,78.07352448,,,,,,
1677,78.0762024,,,,,,
1676,78.0329361,,,,,,
1675,78.07101822,,,,,,
1674,77.9776764,,,,,,
1673,77.94921112,,,,,,
1672,77.91019821,,,,,,
1671,77.94831467,,,,,,
1670,77.86587143,,,,,,
1669,77.87555695,,,,,,
1668,77.78940583,,,,,,
1667,77.78852463,,,,,,
1666,77.75770188,,,,,,
1665,77.78169632,,,,,,
1664,77.72299957,,,,,,
1663,77.66150666,,,,,,
1662,77.59219742,,,,,,
1661,77.63243866,,,,,,
1660,77.57818222,,,,,,
1659,77.55609894,,,,,,
1658,77.54534912,,,,,,
1657,77.48067475,,,,,,
1656,77.46501541,,,,,,
1655,77.44529534,,,,,,
1654,77.36482621,,,,,,
1653,77.39663506,,,,,,
1652,77.33387184,,,,,,
1651,77.31031609,,,,,,
1650,77.2839737,,,,,,
1649,77.22699166,,,,,,
1648,77.26220322,,,,,,
1647,77.1594925,,,,,,
1646,77.20206833,,,,,,
1645,77.13680268,,,,,,
1644,77.15660095,,,,,,
1643,77.08739662,,,,,,
1642,77.05379296,,,,,,
1641,77.0534668,,,,,,
1640,77.01786041,,,,,,
1639,76.95650864,,,,,,
1638,76.93288231,,,,,,
1637,76.88473511,,,,,,
1636,76.87097359,,,,,,
1635,76.8242817,,,,,,
1634,76.817379,,,,,,
1633,76.7517128,,,,,,
1632,76.7447052,,,,,,
1631,76.72991181,,,,,,
1630,76.6555996,,,,,,
1629,76.65291024,,,,,,
1628,76.6247406,,,,,,
1627,76.57951546,,,,,,
1626,76.53117943,,,,,,
1625,76.51077271,,,,,,
1624,76.50095749,,,,,,
1623,76.4498787,,,,,,
1622,76.38884354,,,,,,
1621,76.39040375,,,,,,
1620,76.37386513,,,,,,
1619,76.32044983,,,,,,
1618,76.27486611,,,,,,
1617,76.27306366,,,,,,
1616,76.23361588,,,,,,
1615,76.21112061,,,,,,
1614,76.21645737,,,,,,
1613,76.10062599,,,,,,
1612,76.08257675,,,,,,
1611,76.05513001,,,,,,
1610,76.03264427,,,,,,
1609,76.00994301,,,,,,
1608,75.98042679,,,,,,
1607,75.95025444,,,,,,
1606,75.87962723,,,,,,
1605,75.87976074,,,,,,
1604,75.80960846,,,,,,
1603,75.78123284,,,,,,
1602,75.74763108,,,,,,
1601,75.73999596,,,,,,
1600,75.70707512,,,,,,
1599,75.655159,,,,,,
1598,75.65650177,,,,,,
1597,75.56594086,,,,,,
1596,75.58584976,,,,,,
1595,75.54432106,,,,,,
1594,75.53558541,,,,,,
1593,75.49711419,,,,,,
1592,75.46209145,,,,,,
1591,75.40950585,,,,,,
1590,75.38776016,,,,,,
1589,75.3260212,,,,,,
1588,75.30574227,,,,,,
1587,75.2663517,,,,,,
1586,75.25384903,,,,,,
1585,75.19342804,,,,,,
1584,75.18471909,,,,,,
1583,75.13943482,,,,,,
1582,75.08729172,,,,,,
1581,75.10205651,,,,,,
1580,75.06464386,,,,,,
1579,74.99167061,,,,,,
1578,74.96726227,,,,,,
1577,74.9868908,,,,,,
1576,74.90647507,,,,,,
1575,74.86965752,,,,,,
1574,74.8327961,,,,,,
1573,74.75339508,,,,,,
1572,74.79475021,,,,,,
1571,74.75016213,,,,,,
1570,74.69931412,,,,,,
1569,74.67184639,,,,,,
1568,74.64323807,,,,,,
1567,74.59989357,,,,,,
1566,74.59003639,,,,,,
1565,74.53339958,,,,,,
1564,74.49998093,,,,,,
1563,74.45713806,,,,,,
1562,74.42121697,,,,,,
1561,74.40162087,,,,,,
1560,74.35752487,,,,,,
1559,74.32235909,,,,,,
1558,74.30165863,,,,,,
1557,74.24353791,,,,,,
1556,74.2205925,,,,,,
1555,74.14032936,,,,,,
1554,74.14105797,,,,,,
1553,74.12471771,,,,,,
1552,74.05745125,,,,,,
1551,74.04696083,,,,,,
1550,74.00823021,,,,,,
1549,73.97440148,,,,,,
1548,73.9629097,,,,,,
1547,73.91646004,,,,,,
1546,73.87787247,,,,,,
1545,73.84753609,,,,,,
1544,73.765728,,,,,,
1543,73.75054551,,,,,,
1542,73.75079346,,,,,,
1541,73.72529984,,,,,,
1540,73.65463829,,,,,,
1539,73.63534165,,,,,,
1538,73.55696297,,,,,,
1537,73.58793068,,,,,,
1536,73.53534508,,,,,,
1535,73.48294831,,,,,,
1534,73.45914078,,,,,,
1533,73.41249276,,,,,,
1532,73.42497254,,,,,,
1531,73.3442688,,,,,,
1530,73.29556656,,,,,,
1529,73.29232979,,,,,,
1528,73.25159455,,,,,,
1527,73.21291161,,,,,,
1526,73.2031002,,,,,,
1525,73.17201424,,,,,,
1524,73.11340141,,,,,,
1523,73.07341767,,,,,,
1522,73.01420212,,,,,,
1521,73.0053463,,,,,,
1520,72.96693802,,,,,,
1519,72.93420601,,,,,,
1518,72.8973465,,,,,,
1517,72.87761498,,,,,,
1516,72.86677361,,,,,,
1515,72.7763939,,,,,,
1514,72.7667656,,,,,,
1513,72.72750283,,,,,,
1512,72.6835289,,,,,,
1511,72.68598175,,,,,,
1510,72.61896134,,,,,,
1509,72.59142304,,,,,,
1508,72.53466225,,,,,,
1507,72.50267029,,,,,,
1506,72.47593689,,,,,,
1505,72.45433236,,,,,,
1504,72.39018631,,,,,,
1503,72.34254456,,,,,,
1502,72.33173561,,,,,,
1501,72.28555298,,,,,,
1500,72.24780464,,,,,,
1499,72.21325493,,,,,,
1498,72.19015503,,,,,,
1497,72.16595841,,,,,,
1496,72.10200882,,,,,,
1495,72.06707382,,,,,,
1494,72.02080155,,,,,,
1493,72.03905297,,,,,,
1492,71.97769928,,,,,,
1491,71.96161652,,,,,,
1490,71.91168785,,,,,,
1489,71.8474617,,,,,,
1488,71.82247734,,,,,,
1487,71.79545975,,,,,,
1486,71.7709198,,,,,,
1485,71.73205948,,,,,,
1484,71.66827202,,,,,,
1483,71.6477089,,,,,,
1482,71.62938309,,,,,,
1481,71.56832695,,,,,,
1480,71.53686524,,,,,,
1479,71.51091767,,,,,,
1478,71.47168732,,,,,,
1477,71.42425919,,,,,,
1476,71.40971756,,,,,,
1475,71.37713623,,,,,,
1474,71.2909565,,,,,,
1473,71.24681664,,,,,,
1472,71.25339318,,,,,,
1471,71.19967079,,,,,,
1470,71.17204857,,,,,,
1469,71.14220047,,,,,,
1468,71.10392952,,,,,,
1467,71.07302666,,,,,,
1466,71.00128937,,,,,,
1465,70.96595383,,,,,,
1464,70.93350029,,,,,,
1463,70.89805413,,,,,,
1462,70.87641335,,,,,,
1461,70.83073807,,,,,,
1460,70.76298523,,,,,,
1459,70.74246597,,,,,,
1458,70.69459724,,,,,,
1457,70.64743424,,,,,,
1456,70.64640808,,,,,,
1455,70.57406998,,,,,,
1454,70.54892922,,,,,,
1453,70.49054909,,,,,,
1452,70.44556427,,,,,,
1451,70.41322327,,,,,,
1450,70.35853958,,,,,,
1449,70.32240486,,,,,,
1448,70.29457855,,,,,,
1447,70.21233368,,,,,,
1446,70.19771385,,,,,,
1445,70.16751099,,,,,,
1444,70.10041618,,,,,,
1443,70.05371094,,,,,,
1442,69.97411347,,,,,,
1441,69.95540429,,,,,,
1440,69.92084694,,,,,,
1439,69.8655529,,,,,,
1438,69.83615112,,,,,,
1437,69.75489617,,,,,,
1436,69.69501877,,,,,,
1435,69.64459992,,,,,,
1434,69.60577011,,,,,,
1433,69.53902626,,,,,,
1432,69.49169922,,,,,,
1431,69.42118836,,,,,,
1430,69.40119362,,,,,,
1429,69.31504059,,,,,,
1428,69.25698281,,,,,,
1427,69.19271088,,,,,,
1426,69.16137505,,,,,,
1425,69.07683563,,,,,,
1424,68.9881649,,,,,,
1423,68.92193032,,,,,,
1422,68.87939835,,,,,,
1421,68.78933525,,,,,,
1420,68.70400238,,,,,,
1419,68.64478302,,,,,,
1418,68.54574013,,,,,,
1417,68.47628784,,,,,,
1416,68.38181687,,,,,,
1415,68.27918244,,,,,,
1414,68.19483948,,,,,,
1413,68.08244133,,,,,,
1412,67.97130776,,,,,,
1411,67.87561417,,,,,,
1410,67.77212143,,,,,,
1409,67.63629341,,,,,,
1408,67.52376366,,,,,,
1407,67.33327103,,,,,,
1406,67.23641014,,,,,,
1405,67.06238175,,,,,,
1404,66.90767861,,,,,,
1403,66.74694634,,,,,,
1402,66.57952881,,,,,,
1401,66.3552742,,,,,,
1400,66.15509224,,,,,,
1399,65.91558838,,,,,,
1398,65.7084961,,,,,,
1397,65.48938179,,,,,,
1396,65.23750305,,,,,,
1395,65.01413346,,,,,,
1394,64.74100685,,,,,,
1393,64.44664955,,,,,,
1392,64.1878624,,,,,,
1391,63.97491837,,,,,,
1390,63.75699807,,,,,,
1389,63.51110077,,,,,,
1388,63.28104019,,,,,,
1387,63.07519341,,,,,,
1386,62.87813187,,,,,,
1385,62.80830765,,,,,,
1384,62.69314957,,,,,,
1383,62.74073029,,,,,,
1382,62.78596497,,,,,,
1381,62.98953247,,,,,,
1380,63.22460365,,,,,,
1379,63.51894379,,,,,,
1378,63.87367249,,,,,,
1377,64.30812455,,,,,,
1376,64.72325516,,,,,,
1375,65.18185234,,,,,,
1374,65.64682007,,,,,,
1373,66.0464325,,,,,,
1372,66.35745621,,,,,,
1371,66.64570237,,,,,,
1370,66.90019226,,,,,,
1369,67.06593514,,,,,,
1368,67.18649101,,,,,,
1367,67.27639198,,,,,,
1366,67.33215141,,,,,,
1365,67.32756806,,,,,,
1364,67.37431717,,,,,,
1363,67.41497612,,,,,,
1362,67.40742111,,,,,,
1361,67.44006729,,,,,,
1360,67.43381882,,,,,,
1359,67.41486168,,,,,,
1358,67.42154694,,,,,,
1357,67.4181099,,,,,,
1356,67.42261505,,,,,,
1355,67.39331818,,,,,,
1354,67.38518715,,,,,,
1353,67.34640694,,,,,,
1352,67.35965729,,,,,,
1351,67.35207558,,,,,,
1350,67.35222626,,,,,,
1349,67.33257866,,,,,,
1348,67.30561066,,,,,,
1347,67.33451271,,,,,,
1346,67.31679153,,,,,,
1345,67.29447556,,,,,,
1344,67.28034783,,,,,,
1343,67.29280854,,,,,,
1342,67.30675698,,,,,,
1341,67.27502823,,,,,,
1340,67.29574585,,,,,,
1339,67.27062798,,,,,,
1338,67.26873398,,,,,,
1337,67.24416542,,,,,,
1336,67.26921654,,,,,,
1335,67.25327492,,,,,,
1334,67.22913742,,,,,,
1333,67.21858025,,,,,,
1332,67.23651123,,,,,,
1331,67.25609017,,,,,,
1330,67.20058442,,,,,,
1329,67.20841026,,,,,,
1328,67.21751786,,,,,,
1327,67.17179108,,,,,,
1326,67.14713097,,,,,,
1325,67.15431214,,,,,,
1324,67.16354561,,,,,,
1323,67.1484356,,,,,,
1322,67.13837815,,,,,,
1321,67.11221695,,,,,,
1320,67.11705971,,,,,,
1319,67.10990525,,,,,,
1318,67.1052208,,,,,,
1317,67.08275795,,,,,,
1316,67.04641724,,,,,,
1315,67.04672623,,,,,,
1314,67.03843308,,,,,,
1313,67.0221405,,,,,,
1312,67.01566697,,,,,,
1311,66.99492836,,,,,,
1310,66.98698044,,,,,,
1309,66.96676445,,,,,,
1308,66.96124268,,,,,,
1307,66.95858002,,,,,,
1306,66.96684647,,,,,,
1305,66.92951775,,,,,,
1304,66.9273777,,,,,,
1303,66.91495323,,,,,,
1302,66.88682556,,,,,,
1301,66.88619423,,,,,,
1300,66.83713341,,,,,,
1299,66.85290718,,,,,,
1298,66.83773041,,,,,,
1297,66.81060791,,,,,,
1296,66.81827545,,,,,,
1295,66.81074143,,,,,,
1294,66.77330399,,,,,,
1293,66.76805497,,,,,,
1292,66.76280976,,,,,,
1291,66.74643135,,,,,,
1290,66.73176575,,,,,,
1289,66.73382187,,,,,,
1288,66.71177292,,,,,,
1287,66.72716904,,,,,,
1286,66.68947792,,,,,,
1285,66.71591187,,,,,,
1284,66.65398026,,,,,,
1283,66.67482376,,,,,,
1282,66.69298554,,,,,,
1281,66.64432145,,,,,,
1280,66.6325512,,,,,,
1279,66.62425041,,,,,,
1278,66.61474609,,,,,,
1277,66.60231972,,,,,,
1276,66.59346771,,,,,,
1275,66.5858078,,,,,,
1274,66.59529877,,,,,,
1273,66.55380058,,,,,,
1272,66.53542137,,,,,,
1271,66.56947899,,,,,,
1270,66.52044487,,,,,,
1269,66.52943039,,,,,,
1268,66.54038811,,,,,,
1267,66.491642,,,,,,
1266,66.52264786,,,,,,
1265,66.47072983,,,,,,
1264,66.4748745,,,,,,
1263,66.48119545,,,,,,
1262,66.45954323,,,,,,
1261,66.41775704,,,,,,
1260,66.42513085,,,,,,
1259,66.3729744,,,,,,
1258,66.37955284,,,,,,
1257,66.38776017,,,,,,
1256,66.37202072,,,,,,
1255,66.35766411,,,,,,
1254,66.34898377,,,,,,
1253,66.32971001,,,,,,
1252,66.30569268,,,,,,
1251,66.28921318,,,,,,
1250,66.29298211,,,,,,
1249,66.28730965,,,,,,
1248,66.28789521,,,,,,
1247,66.31842613,,,,,,
1246,66.27823258,,,,,,
1245,66.26198388,,,,,,
1244,66.30559349,,,,,,
1243,66.29161454,,,,,,
1242,66.3041153,,,,,,
1241,66.31093216,,,,,,
1240,66.37302971,,,,,,
1239,66.37059403,,,,,,
1238,66.3996563,,,,,,
1237,66.38676644,,,,,,
1236,66.39544678,,,,,,
1235,66.41437912,,,,,,
1234,66.43540764,,,,,,
1233,66.48078346,,,,,,
1232,66.51399994,,,,,,
1231,66.54835511,,,,,,
1230,66.52223588,,,,,,
1229,66.56650734,,,,,,
1228,66.57297325,,,,,,
1227,66.57019615,,,,,,
1226,66.56528664,,,,,,
1225,66.60562516,,,,,,
1224,66.61737633,,,,,,
1223,66.6089077,,,,,,
1222,66.59804154,,,,,,
1221,66.63241005,,,,,,
1220,66.62801552,,,,,,
1219,66.6434269,,,,,,
1218,66.67025185,,,,,,
1217,66.64656258,,,,,,
1216,66.6969986,,,,,,
1215,66.69562912,,,,,,
1214,66.6993351,,,,,,
1213,66.67244912,,,,,,
1212,66.72092247,,,,,,
1211,66.68099022,,,,,,
1210,66.73047638,,,,,,
1209,66.78845406,,,,,,
1208,66.76866532,,,,,,
1207,66.78667832,,,,,,
1206,66.8127575,,,,,,
1205,66.7796669,,,,,,
1204,66.78419876,,,,,,
1203,66.80661202,,,,,,
1202,66.80430031,,,,,,
1201,66.84063912,,,,,,
1200,66.86636543,,,,,,
1199,66.86909485,,,,,,
1198,66.89154625,,,,,,
1197,66.92229081,,,,,,
1196,66.8921547,,,,,,
1195,66.92358589,,,,,,
1194,66.95146942,,,,,,
1193,66.96891213,,,,,,
1192,66.97637368,,,,,,
1191,67.01403809,,,,,,
1190,67.03056527,,,,,,
1189,67.06601906,,,,,,
1188,67.06121063,,,,,,
1187,67.08754349,,,,,,
1186,67.12759781,,,,,,
1185,67.14567375,,,,,,
1184,67.14466477,,,,,,
1183,67.17376328,,,,,,
1182,67.20562744,,,,,,
1181,67.18562508,,,,,,
1180,67.22057915,,,,,,
1179,67.26534271,,,,,,
1178,67.2540493,,,,,,
1177,67.29738808,,,,,,
1176,67.30087853,,,,,,
1175,67.33442116,,,,,,
1174,67.35189438,,,,,,
1173,67.36000061,,,,,,
1172,67.36623192,,,,,,
1171,67.4088192,,,,,,
1170,67.41295052,,,,,,
1169,67.46614075,,,,,,
1168,67.50244331,,,,,,
1167,67.51299286,,,,,,
1166,67.54278374,,,,,,
1165,67.57996178,,,,,,
1164,67.58666993,,,,,,
1163,67.61994744,,,,,,
1162,67.63279343,,,,,,
1161,67.66319657,,,,,,
1160,67.71168137,,,,,,
1159,67.6934185,,,,,,
1158,67.7810173,,,,,,
1157,67.78005219,,,,,,
1156,67.81650925,,,,,,
1155,67.86618805,,,,,,
1154,67.85547638,,,,,,
1153,67.90977478,,,,,,
1152,67.94123078,,,,,,
1151,67.97562027,,,,,,
1150,68.00991058,,,,,,
1149,68.03773499,,,,,,
1148,68.08485603,,,,,,
1147,68.05014992,,,,,,
1146,68.14212037,,,,,,
1145,68.13433457,,,,,,
1144,68.21241379,,,,,,
1143,68.24409295,,,,,,
1142,68.2401371,,,,,,
1141,68.28769493,,,,,,
1140,68.36059571,,,,,,
1139,68.376791,,,,,,
1138,68.37387085,,,,,,
1137,68.40477562,,,,,,
1136,68.45255852,,,,,,
1135,68.48118782,,,,,,
1134,68.5107193,,,,,,
1133,68.54661179,,,,,,
1132,68.60025025,,,,,,
1131,68.64574051,,,,,,
1130,68.67514229,,,,,,
1129,68.7034111,,,,,,
1128,68.72662545,,,,,,
1127,68.77701569,,,,,,
1126,68.85505867,,,,,,
1125,68.86898041,,,,,,
1124,68.88856125,,,,,,
1123,68.95203018,,,,,,
1122,68.97677613,,,,,,
1121,69.01984597,,,,,,
1120,69.03204918,,,,,,
1119,69.0887413,,,,,,
1118,69.13817787,,,,,,
1117,69.1535511,,,,,,
1116,69.16558838,,,,,,
1115,69.26265717,,,,,,
1114,69.30358887,,,,,,
1113,69.35838318,,,,,,
1112,69.39448357,,,,,,
1111,69.42969132,,,,,,
1110,69.43999291,,,,,,
1109,69.5028534,,,,,,
1108,69.53715897,,,,,,
1107,69.57682801,,,,,,
1106,69.63446045,,,,,,
1105,69.65649033,,,,,,
1104,69.74451066,,,,,,
1103,69.77012825,,,,,,
1102,69.82388496,,,,,,
1101,69.84461594,,,,,,
1100,69.95195961,,,,,,
1099,69.95330811,,,,,,
1098,70.04250717,,,,,,
1097,70.06856346,,,,,,
1096,70.07667542,,,,,,
1095,70.10665131,,,,,,
1094,70.16400147,,,,,,
1093,70.19604493,,,,,,
1092,70.25174904,,,,,,
1091,70.33283043,,,,,,
1090,70.36476898,,,,,,
1089,70.3913765,,,,,,
1088,70.46177673,,,,,,
1087,70.49710846,,,,,,
1086,70.55388451,,,,,,
1085,70.59398842,,,,,,
1084,70.66740227,,,,,,
1083,70.67652893,,,,,,
1082,70.76795197,,,,,,
1081,70.77248192,,,,,,
1080,70.85834313,,,,,,
1079,70.89952088,,,,,,
1078,70.94039154,,,,,,
1077,70.98717499,,,,,,
1076,71.0158577,,,,,,
1075,71.10620499,,,,,,
1074,71.13376236,,,,,,
1073,71.17866135,,,,,,
1072,71.20601082,,,,,,
1071,71.29333687,,,,,,
1070,71.3155346,,,,,,
1069,71.34595871,,,,,,
1068,71.38415528,,,,,,
1067,71.46188355,,,,,,
1066,71.52456284,,,,,,
1065,71.6305542,,,,,,
1064,71.61403084,,,,,,
1063,71.64792252,,,,,,
1062,71.70905685,,,,,,
1061,71.85364151,,,,,,
1060,71.87755204,,,,,,
1059,71.87773705,,,,,,
1058,71.95342636,,,,,,
1057,71.99443054,,,,,,
1056,71.94669724,,,,,,
1055,72.01106644,,,,,,
1054,72.09666062,,,,,,
1053,72.16568947,,,,,,
1052,72.14575005,,,,,,
1051,72.32839966,,,,,,
1050,72.31867981,,,,,,
1049,72.63713265,,,,,,
1048,72.683918,,,,,,
1047,72.72369385,,,,,,
1046,72.76833725,,,,,,
1045,72.80826378,,,,,,
1044,72.84905625,,,,,,
1043,72.89662743,,,,,,
1042,72.93627739,,,,,,
1041,72.97617912,,,,,,
1040,73.01676369,,,,,,
1039,73.07068062,,,,,,
1038,73.10956001,,,,,,
1037,73.15180779,,,,,,
1036,73.19359589,,,,,,
1035,73.22583962,,,,,,
1034,73.26346016,,,,,,
1033,73.30249405,,,,,,
1032,73.34067917,,,,,,
1031,73.37627602,,,,,,
1030,73.41661453,,,,,,
1029,73.45273781,,,,,,
1028,73.4885788,,,,,,
1027,73.52882576,,,,,,
1026,73.56094361,,,,,,
1025,73.59043312,,,,,,
1024,73.62580491,,,,,,
1023,73.6603756,,,,,,
1022,73.69354248,,,,,,
1021,73.72662354,,,,,,
1020,73.76216507,,,,,,
1019,73.78901673,,,,,,
1018,73.81685829,,,,,,
1017,73.85267639,,,,,,
1016,73.8804226,,,,,,
1015,73.90833092,,,,,,
1014,73.9315567,,,,,,
1013,73.95687103,,,,,,
1012,73.98829651,,,,,,
1011,74.01391411,,,,,,
1010,74.03725815,,,,,,
1009,74.05875778,,,,,,
1008,74.07973099,,,,,,
1007,74.11214829,,,,,,
1006,74.1285019,,,,,,
1005,74.14685059,,,,,,
1004,74.16890335,,,,,,
1003,74.19395829,,,,,,
1002,74.20786667,,,,,,
1001,74.22024727,,,,,,
1000,74.23537636,,,,,,
999,74.25598908,,,,,,
998,74.26028252,,,,,,
997,74.2834034,,,,,,
996,74.2959404,,,,,,
995,74.30194474,,,,,,
994,74.3099041,,,,,,
993,74.31104851,,,,,,
992,74.32452965,,,,,,
991,74.33070374,,,,,,
990,74.34246445,,,,,,
989,74.34528351,,,,,,
988,74.34920883,,,,,,
987,74.35736847,,,,,,
986,74.35451508,,,,,,
985,74.35406685,,,,,,
984,74.36128044,,,,,,
983,74.36065674,,,,,,
982,74.35176659,,,,,,
981,74.35383415,,,,,,
980,74.34706879,,,,,,
979,74.33452416,,,,,,
978,74.32709503,,,,,,
977,74.3173523,,,,,,
976,74.30923844,,,,,,
975,74.30212784,,,,,,
974,74.28857422,,,,,,
973,74.2722683,,,,,,
972,74.25670815,,,,,,
971,74.23852158,,,,,,
970,74.21980095,,,,,,
969,74.20123101,,,,,,
968,74.18125725,,,,,,
967,74.15767289,,,,,,
966,74.13510704,,,,,,
965,74.1073494,,,,,,
964,74.0829773,,,,,,
963,74.04739571,,,,,,
962,74.01581192,,,,,,
961,73.98510933,,,,,,
960,73.9498539,,,,,,
959,73.90842057,,,,,,
958,73.87150765,,,,,,
957,73.82930565,,,,,,
956,73.78022766,,,,,,
955,73.74615669,,,,,,
954,73.7003994,,,,,,
953,73.64232254,,,,,,
952,73.60078049,,,,,,
951,73.54669953,,,,,,
950,73.49159813,,,,,,
949,73.44004059,,,,,,
948,73.37489319,,,,,,
947,73.31339836,,,,,,
946,73.25922966,,,,,,
945,73.20344734,,,,,,
944,73.14484597,,,,,,
943,73.08637047,,,,,,
942,73.03431702,,,,,,
941,72.98271752,,,,,,
940,72.93928719,,,,,,
939,72.90311623,,,,,,
938,72.85514641,,,,,,
937,72.79828644,,,,,,
936,72.75391579,,,,,,
935,72.69189453,,,,,,
934,72.62970543,,,,,,
933,72.57053185,,,,,,
932,72.49503136,,,,,,
931,72.42601204,,,,,,
930,72.35986519,,,,,,
929,72.27877236,,,,,,
928,72.19837952,,,,,,
927,72.12243271,,,,,,
926,72.04728317,,,,,,
925,71.9706173,,,,,,
924,71.89659882,,,,,,
923,71.81805229,,,,,,
922,71.72032547,,,,,,
921,71.64126206,,,,,,
920,71.54645157,,,,,,
919,71.46079445,,,,,,
918,71.36460114,,,,,,
917,71.27495766,,,,,,
916,71.18184662,,,,,,
915,71.07493782,,,,,,
914,70.98375702,,,,,,
913,70.89204407,,,,,,
912,70.78749275,,,,,,
911,70.68453408,,,,,,
910,70.57471657,,,,,,
909,70.47602082,,,,,,
908,70.36938286,,,,,,
907,70.26184845,,,,,,
906,70.14790726,,,,,,
905,70.04805565,,,,,,
904,69.93511582,,,,,,
903,69.82559586,,,,,,
902,69.70621872,,,,,,
901,69.59238815,,,,,,
900,69.48864556,,,,,,
899,69.3640728,,,,,,
898,69.24881744,,,,,,
897,69.1307621,,,,,,
896,69.00726318,,,,,,
895,68.89175987,,,,,,
894,68.76902199,,,,,,
893,68.64097214,,,,,,
892,68.51443482,,,,,,
891,68.38756371,,,,,,
890,68.25911332,,,,,,
889,68.1291275,,,,,,
888,68.01456833,,,,,,
887,67.88025093,,,,,,
886,67.75356484,,,,,,
885,67.6185875,,,,,,
884,67.48222161,,,,,,
883,67.3475895,,,,,,
882,67.22183037,,,,,,
881,67.08083534,,,,,,
880,66.94154167,,,,,,
879,66.81163216,,,,,,
878,66.67540741,,,,,,
877,66.52810288,,,,,,
876,66.3785553,,,,,,
875,66.2531147,,,,,,
874,66.11390686,,,,,,
873,65.97083092,,,,,,
872,65.81748963,,,,,,
871,65.67269516,,,,,,
870,65.52843666,,,,,,
869,65.373415,,,,,,
868,65.24335289,,,,,,
867,65.11302185,,,,,,
866,64.95698547,,,,,,
865,64.8086567,,,,,,
864,64.6509819,,,,,,
863,64.50544167,,,,,,
862,64.36993027,,,,,,
861,64.20957947,,,,,,
860,64.09085465,,,,,,
859,63.91685104,,,,,,
858,63.75154877,,,,,,
857,63.61917877,,,,,,
856,63.46807289,,,,,,
855,63.3139782,,,,,,
854,63.1831913,,,,,,
853,63.02757454,,,,,,
852,62.86984062,,,,,,
851,62.71740342,,,,,,
850,62.55816841,,,,,,
849,62.40537644,,,,,,
848,62.27305413,,,,,,
847,62.11813164,,,,,,
846,61.9636612,,,,,,
845,61.82160187,,,,,,
844,61.67125702,,,,,,
843,61.53227425,,,,,,
842,61.37748909,,,,,,
841,61.2085495,,,,,,
840,61.05916024,,,,,,
839,60.88917923,,,,,,
838,60.75864602,,,,,,
837,60.59606934,,,,,,
836,60.42909813,,,,,,
835,60.30062103,,,,,,
834,60.12322617,,,,,,
833,59.98979378,,,,,,
832,59.83412362,,,,,,
831,59.67594338,,,,,,
830,59.55121422,,,,,,
829,59.39116478,,,,,,
828,59.23788452,,,,,,
827,59.10074044,,,,,,
826,58.92206001,,,,,,
825,58.77617073,,,,,,
824,58.6319561,,,,,,
823,58.52136803,,,,,,
822,58.34975624,,,,,,
821,58.19647408,,,,,,
820,58.05044175,,,,,,
819,57.9125309,,,,,,
818,57.75848198,,,,,,
817,57.60248566,,,,,,
816,57.45191956,,,,,,
815,57.31816674,,,,,,
814,57.15524865,,,,,,
813,57.03668785,,,,,,
812,56.88228989,,,,,,
811,56.74578667,,,,,,
810,56.59493065,,,,,,
809,56.43266487,,,,,,
808,56.30316544,,,,,,
807,56.14768028,,,,,,
806,56.05444145,,,,,,
805,55.87676049,,,,,,
804,55.75827599,,,,,,
803,55.64487267,,,,,,
802,55.51123047,,,,,,
801,55.37695313,,,,,,
800,55.23489571,,,,,,
799,55.00370026,,,,,,
798,54.90595437,,,,,,
797,54.81260872,,,,,,
796,54.63422585,,,,,,
795,54.53281784,,,,,,
794,54.36282731,,,,,,
793,54.23218918,,,,,,
792,54.12127876,,,,,,
791,54.03812981,,,,,,
790,53.90795898,,,,,,
789,53.73578835,,,,,,
788,53.64101982,,,,,,
787,53.46749878,,,,,,
786,53.42019654,,,,,,
785,53.22000313,,,,,,
784,53.12997628,,,,,,
783,53.03367043,,,,,,
782,52.87713051,,,,,,
781,52.71077156,,,,,,
780,52.70223046,,,,,,
779,52.49859619,,,,,,
778,52.42218399,,,,,,
777,52.28427124,,,,,,
776,52.15406991,,,,,,
775,52.03753853,,,,,,
774,51.92428971,,,,,,
773,51.8778801,,,,,,
772,51.71667099,,,,,,
771,51.63357163,,,,,,
770,51.50574112,,,,,,
769,51.4368248,,,,,,
768,51.26644898,,,,,,
767,51.17975998,,,,,,
766,51.04258156,,,,,,
765,50.9514885,,,,,,
764,50.90896988,,,,,,
763,50.7717762,,,,,,
762,50.69073868,,,,,,
761,50.57658577,,,,,,
760,50.50208855,,,,,,
759,50.38348198,,,,,,
758,50.29482651,,,,,,
757,50.17368508,,,,,,
756,50.10071183,,,,,,
755,50.01812744,,,,,,
754,49.91523552,,,,,,
753,49.85760498,,,,,,
752,49.74955559,,,,,,
751,49.65612221,,,,,,
750,49.5882206,,,,,,
749,49.49333763,,,,,,
748,49.39972496,,,,,,
747,49.31972122,,,,,,
746,49.25505257,,,,,,
745,49.16151047,,,,,,
744,49.10153199,,,,,,
743,49.03907395,,,,,,
742,48.92282486,,,,,,
741,48.87008667,,,,,,
740,48.82962608,,,,,,
739,48.71408463,,,,,,
738,48.64832497,,,,,,
737,48.55975914,,,,,,
736,48.49139214,,,,,,
735,48.42747689,,,,,,
734,48.3834362,,,,,,
733,48.33013154,,,,,,
732,48.23751068,,,,,,
731,48.16820145,,,,,,
730,48.12472725,,,,,,
729,48.07491112,,,,,,
728,48.01126099,,,,,,
727,47.96684456,,,,,,
726,47.89878655,,,,,,
725,47.86104965,,,,,,
724,47.81052399,,,,,,
723,47.73269272,,,,,,
722,47.72919273,,,,,,
721,47.66378403,,,,,,
720,47.59971046,,,,,,
719,47.54792214,,,,,,
718,47.54027176,,,,,,
717,47.46314049,,,,,,
716,47.42979431,,,,,,
715,47.399292,,,,,,
714,47.35410882,,,,,,
713,47.34561539,,,,,,
712,47.295578,,,,,,
711,47.24328614,,,,,,
710,47.20950127,,,,,,
709,47.21440887,,,,,,
708,47.18157959,,,,,,
707,47.13458824,,,,,,
706,47.1042347,,,,,,
705,47.08501625,,,,,,
704,47.06918717,,,,,,
703,47.03492356,,,,,,
702,47.00708199,,,,,,
701,46.97076226,,,,,,
700,46.96549416,,,,,,
699,46.93296623,,,,,,
698,46.9256115,,,,,,
697,46.90335083,,,,,,
696,46.88427544,,,,,,
695,46.90324211,,,,,,
694,46.85460282,,,,,,
693,46.85208702,,,,,,
692,46.85401154,,,,,,
691,46.85118485,,,,,,
690,46.82501793,,,,,,
689,46.80932999,,,,,,
688,46.80285263,,,,,,
687,46.82156945,,,,,,
686,46.77228546,,,,,,
685,46.79525566,,,,,,
684,46.80684662,,,,,,
683,46.81467247,,,,,,
682,46.81966019,,,,,,
681,46.7929287,,,,,,
680,46.81090736,,,,,,
679,46.80077362,,,,,,
678,46.82265282,,,,,,
677,46.82854271,,,,,,
676,46.81488991,,,,,,
675,46.80953217,,,,,,
674,46.82871628,,,,,,
673,46.83160782,,,,,,
672,46.84421539,,,,,,
671,46.87040329,,,,,,
670,46.87685013,,,,,,
669,46.87942314,,,,,,
668,46.91259003,,,,,,
667,46.92108536,,,,,,
666,46.92687035,,,,,,
665,46.9262352,,,,,,
664,46.94585037,,,,,,
663,46.97720528,,,,,,
662,46.99472809,,,,,,
661,46.99184609,,,,,,
660,47.0096302,,,,,,
659,47.04211998,,,,,,
658,47.04423333,,,,,,
657,47.06099129,,,,,,
656,47.08395004,,,,,,
655,47.10221482,,,,,,
654,47.12719727,,,,,,
653,47.16024781,,,,,,
652,47.15644264,,,,,,
651,47.16882897,,,,,,
650,47.19348335,,,,,,
649,47.20215225,,,,,,
648,47.2335701,,,,,,
647,47.24538422,,,,,,
646,47.27186966,,,,,,
645,47.29216767,,,,,,
644,47.32024193,,,,,,
643,47.33183289,,,,,,
642,47.35696602,,,,,,
641,47.38597107,,,,,,
640,47.40136338,,,,,,
639,47.42723084,,,,,,
638,47.42713165,,,,,,
637,47.46396256,,,,,,
636,47.47041321,,,,,,
635,47.5075779,,,,,,
634,47.52388192,,,,,,
633,47.52635765,,,,,,
632,47.54251289,,,,,,
631,47.58069992,,,,,,
630,47.59407616,,,,,,
629,47.59018135,,,,,,
628,47.6180954,,,,,,
627,47.60898209,,,,,,
626,47.6482029,,,,,,
625,47.65685845,,,,,,
624,47.68463135,,,,,,
623,47.6766243,,,,,,
622,47.687603,,,,,,
621,47.69680787,,,,,,
620,47.71124459,,,,,,
619,47.73871613,,,,,,
618,47.74605752,,,,,,
617,47.74582672,,,,,,
616,47.75363541,,,,,,
615,47.7625103,,,,,,
614,47.77545929,,,,,,
613,47.7737484,,,,,,
612,47.79679299,,,,,,
611,47.7878933,,,,,,
610,47.78438759,,,,,,
609,47.79474449,,,,,,
608,47.80179024,,,,,,
607,47.80740548,,,,,,
606,47.79805946,,,,,,
605,47.80712509,,,,,,
604,47.81016159,,,,,,
603,47.80589295,,,,,,
602,47.80141259,,,,,,
601,47.81829453,,,,,,
600,47.83170128,,,,,,
599,47.80732537,,,,,,
598,47.79576302,,,,,,
597,47.81360054,,,,,,
596,47.81365204,,,,,,
595,47.81556892,,,,,,
594,47.80491829,,,,,,
593,47.78699684,,,,,,
592,47.79794121,,,,,,
591,47.78320885,,,,,,
590,47.78801537,,,,,,
589,47.78762436,,,,,,
588,47.78445244,,,,,,
587,47.7621975,,,,,,
586,47.78220749,,,,,,
585,47.75155067,,,,,,
584,47.7652359,,,,,,
583,47.75040817,,,,,,
582,47.73304367,,,,,,
581,47.74901772,,,,,,
580,47.74574661,,,,,,
579,47.73894692,,,,,,
578,47.70974159,,,,,,
577,47.71680451,,,,,,
576,47.71709252,,,,,,
575,47.69615555,,,,,,
574,47.70340157,,,,,,
573,47.69968796,,,,,,
572,47.68892479,,,,,,
571,47.69983292,,,,,,
570,47.69746399,,,,,,
569,47.69376373,,,,,,
568,47.68076325,,,,,,
567,47.70719147,,,,,,
566,47.68796539,,,,,,
565,47.67578698,,,,,,
564,47.69601822,,,,,,
563,47.69772911,,,,,,
562,47.69523049,,,,,,
561,47.72102356,,,,,,
560,47.71615219,,,,,,
559,47.70869446,,,,,,
558,47.73972321,,,,,,
557,47.73441315,,,,,,
556,47.74020195,,,,,,
555,47.75872612,,,,,,
554,47.77555084,,,,,,
553,47.79249001,,,,,,
552,47.80346489,,,,,,
551,47.84662438,,,,,,
550,47.86597443,,,,,,
549,47.88618469,,,,,,
548,47.89463997,,,,,,
547,47.90776062,,,,,,
546,47.94712639,,,,,,
545,47.96176339,,,,,,
544,48.00303269,,,,,,
543,48.03058052,,,,,,
542,48.05948258,,,,,,
541,48.07306481,,,,,,
540,48.12189675,,,,,,
539,48.13558579,,,,,,
538,48.16458512,,,,,,
537,48.21035957,,,,,,
536,48.23633766,,,,,,
535,48.27880669,,,,,,
534,48.30825043,,,,,,
533,48.35482025,,,,,,
532,48.38017082,,,,,,
531,48.41447831,,,,,,
530,48.47025871,,,,,,
529,48.50186157,,,,,,
528,48.54571915,,,,,,
527,48.59389687,,,,,,
526,48.6513958,,,,,,
525,48.67590142,,,,,,
524,48.71447182,,,,,,
523,48.73861885,,,,,,
522,48.78385925,,,,,,
521,48.84247399,,,,,,
520,48.86973953,,,,,,
519,48.91113663,,,,,,
518,48.9768982,,,,,,
517,49.00185013,,,,,,
516,49.05948639,,,,,,
515,49.10106659,,,,,,
514,49.12422181,,,,,,
513,49.16554642,,,,,,
512,49.18688202,,,,,,
511,49.24885941,,,,,,
510,49.29973031,,,,,,
509,49.31651497,,,,,,
508,49.35218048,,,,,,
507,49.37623978,,,,,,
506,49.41226387,,,,,,
505,49.45116425,,,,,,
504,49.48581314,,,,,,
503,49.52193261,,,,,,
502,49.5423851,,,,,,
501,49.57042504,,,,,,
500,49.62581063,,,,,,
499,49.64211464,,,,,,
498,49.67705536,,,,,,
497,49.68670082,,,,,,
496,49.7198391,,,,,,
495,49.73498726,,,,,,
494,49.76404572,,,,,,
493,49.82950401,,,,,,
492,49.81306458,,,,,,
491,49.8422432,,,,,,
490,49.87553788,,,,,,
489,49.9266243,,,,,,
488,49.90957451,,,,,,
487,49.95077515,,,,,,
486,49.96623039,,,,,,
485,50.00356484,,,,,,
484,50.03401184,,,,,,
483,50.07034302,,,,,,
482,50.0964222,,,,,,
481,50.08073235,,,,,,
480,50.11099816,,,,,,
479,50.1879673,,,,,,
478,50.19111061,,,,,,
477,50.24144555,,,,,,
476,50.26184845,,,,,,
475,50.29246331,,,,,,
474,50.30663872,,,,,,
473,50.35824967,,,,,,
472,50.3946209,,,,,,
471,50.44466591,,,,,,
470,50.45260429,,,,,,
469,50.49174881,,,,,,
468,50.49570275,,,,,,
467,50.54737473,,,,,,
466,50.58150864,,,,,,
465,50.64192009,,,,,,
464,50.63437653,,,,,,
463,50.69421005,,,,,,
462,50.71100617,,,,,,
461,50.72376061,,,,,,
460,50.74150849,,,,,,
459,50.77448845,,,,,,
458,50.81795693,,,,,,
457,50.82954788,,,,,,
456,50.88861847,,,,,,
455,50.87053872,,,,,,
454,50.90263176,,,,,,
453,50.92990112,,,,,,
452,50.91596413,,,,,,
451,50.92862511,,,,,,
450,50.96918107,,,,,,
449,51.01775742,,,,,,
448,50.99512673,,,,,,
447,50.99621582,,,,,,
446,51.0279522,,,,,,
445,51.04162026,,,,,,
444,51.01988983,,,,,,
443,51.05658722,,,,,,
442,51.06035614,,,,,,
441,51.04136086,,,,,,
440,51.05952263,,,,,,
439,51.09096336,,,,,,
438,51.09312249,,,,,,
437,51.10960007,,,,,,
436,51.08057785,,,,,,
435,51.09017563,,,,,,
434,51.1361084,,,,,,
433,51.08971977,,,,,,
432,51.13539505,,,,,,
431,51.11142731,,,,,,
430,51.14535713,,,,,,
429,51.15288162,,,,,,
428,51.14013863,,,,,,
427,51.13174439,,,,,,
426,51.07784081,,,,,,
425,51.12695313,,,,,,
424,51.05612183,,,,,,
423,51.04372788,,,,,,
422,50.99985123,,,,,,
421,50.95330048,,,,,,
420,50.8996811,,,,,,
419,50.85084725,,,,,,
418,50.7885685,,,,,,
417,50.64017296,,,,,,
416,50.47575951,,,,,,
415,50.40913201,,,,,,
414,50.34417534,,,,,,
413,50.11808586,,,,,,
412,50.02853012,,,,,,
411,49.77360916,,,,,,
410,49.52664185,,,,,,
409,49.42336083,,,,,,
408,49.19358254,,,,,,
407,49.04688454,,,,,,
406,48.86005021,,,,,,
405,48.57074356,,,,,,
404,48.36912156,,,,,,
403,48.04663468,,,,,,
402,47.92930222,,,,,,
401,47.7077427,,,,,,
400,47.61758805,,,,,,
399,47.31900978,,,,,,
398,47.24972153,,,,,,
397,47.10983849,,,,,,
396,46.80182839,,,,,,
395,46.80401993,,,,,,
394,46.85920525,,,,,,
393,46.78730011,,,,,,
392,46.81776047,,,,,,
391,46.774786,,,,,,
390,46.93084336,,,,,,
389,47.09109879,,,,,,
388,47.29748345,,,,,,
387,47.36323929,,,,,,
386,47.54773331,,,,,,
385,47.76945686,,,,,,
384,48.22076226,,,,,,
383,48.63578987,,,,,,
382,48.84072113,,,,,,
381,49.21483231,,,,,,
380,49.72530175,,,,,,
379,50.01644135,,,,,,
378,50.67767907,,,,,,
377,51.13666344,,,,,,
376,51.5482502,,,,,,
375,52.08862687,,,,,,
374,52.55795098,,,,,,
373,52.98243142,,,,,,
372,53.23013115,,,,,,
371,53.57699776,,,,,,
370,54.04462052,,,,,,
369,53.8646679,,,,,,
368,53.97435951,,,,,,
367,53.94094849,,,,,,
366,53.62750435,,,,,,
365,53.24773788,,,,,,
364,52.75921631,,,,,,
363,52.19771195,,,,,,
362,50.67974472,,,,,,
361,49.7283001,,,,,,
360,48.08234787,,,,,,
359,46.95862198,,,,,,
358,45.12729073,,,,,,
357,43.35467529,,,,,,
356,41.79105759,,,,,,
355,39.32658386,,,,,,
354,37.78010559,,,,,,
353,35.95942116,,,,,,
352,34.48308659,,,,,,
351,32.60082531,,,,,,
350,30.85399723,,,,,,
349,29.47579289,,,,,,
348,27.59374809,,,,,,
347,26.4730196,,,,,,
346,25.17073775,,,,,,
345,23.98723364,,,,,,
344,23.23808003,,,,,,
343,22.02279663,,,,,,
342,21.50135327,,,,,,
341,20.03990888,,,,,,
340,19.16682053,,,,,,
339,18.38304567,,,,,,
338,17.2653656,,,,,,
337,18.07556343,,,,,,
336,16.48556042,,,,,,
335,15.79954338,,,,,,
334,14.76103282,,,,,,
333,14.06524253,,,,,,
332,13.82507825,,,,,,
331,12.27331996,,,,,,
330,11.04154134,,,,,,
329,11.29899049,,,,,,
328,10.52191472,,,,,,
327,9.145503046,,,,,,
326,8.513173819,,,,,,
325,8.147710204,,,,,,
324,8.286539795,,,,,,
323,8.172274351,,,,,,
322,6.48701036,,,,,,
321,6.496695757,,,,,,
320,5.910138488,,,,,,
319,4.949799896,,,,,,
318,5.112525225,,,,,,
317,4.605992556,,,,,,
316,3.936836839,,,,,,
315,3.898662567,,,,,,
314,3.595609725,,,,,,
313,2.010387823,,,,,,
312,1.59883076,,,,,,
311,1.432087898,,,,,,
310,1.590175093,,,,,,
309,0.944011614,,,,,,
308,2.226569593,,,,,,
307,0.773885995,,,,,,
306,0.795130611,,,,,,
305,0.934298456,,,,,,
304,0.49560342,,,,,,
303,0.750594199,,,,,,
302,0.4945159,,,,,,
301,-0.082996339,,,,,,
300,0.379636608,,,,,,
