Wavelength (nm),Transmission (%),,,,,,,,,,
2500,77.92384165,,,,,,,,,,
2499,77.91576829,,,,,,,,,,
2498,77.95097682,,,,,,,,,,
2497,77.96564518,,,,,,,,,,
2496,78.00486043,,,,,,,,,,
2495,78.00393351,,,,,,,,,,
2494,78.03436958,,,,,,,,,,
2493,78.0239214,,,,,,,,,,
2492,78.03650487,,,,,,,,,,
2491,78.00160931,,,,,,,,,,
2490,77.9989509,,,,,,,,,,
2489,78.00134985,,,,,,,,,,
2488,77.96740663,,,,,,,,,,
2487,77.95783534,,,,,,,,,,
2486,77.91469449,,,,,,,,,,
2485,77.88131723,,,,,,,,,,
2484,77.84619724,,,,,,,,,,
2483,77.79787932,,,,,,,,,,
2482,77.75855947,,,,,,,,,,
2481,77.70116149,,,,,,,,,,
2480,77.64077191,,,,,,,,,,
2479,77.60636453,,,,,,,,,,
2478,77.53818956,,,,,,,,,,
2477,77.48174286,,,,,,,,,,
2476,77.40213861,,,,,,,,,,
2475,77.32670477,,,,,,,,,,
2474,77.26753931,,,,,,,,,,
2473,77.19394534,,,,,,,,,,
2472,77.13280545,,,,,,,,,,
2471,77.06585076,,,,,,,,,,
2470,77.00479404,,,,,,,,,,
2469,76.9375596,,,,,,,,,,
2468,76.86248483,,,,,,,,,,
2467,76.79930059,,,,,,,,,,
2466,76.7226655,,,,,,,,,,
2465,76.64734242,,,,,,,,,,
2464,76.55000507,,,,,,,,,,
2463,76.47513272,,,,,,,,,,
2462,76.40603731,,,,,,,,,,
2461,76.33010513,,,,,,,,,,
2460,76.25901296,,,,,,,,,,
2459,76.16939652,,,,,,,,,,
2458,76.09014758,,,,,,,,,,
2457,75.9970815,,,,,,,,,,
2456,75.94069924,,,,,,,,,,
2455,75.86368125,,,,,,,,,,
2454,75.80525862,,,,,,,,,,
2453,75.7211875,,,,,,,,,,
2452,75.64749593,,,,,,,,,,
2451,75.57895047,,,,,,,,,,
2450,75.53593274,,,,,,,,,,
2449,75.45104408,,,,,,,,,,
2448,75.4059515,,,,,,,,,,
2447,75.36719927,,,,,,,,,,
2446,75.30397835,,,,,,,,,,
2445,75.26201872,,,,,,,,,,
2444,75.20506296,,,,,,,,,,
2443,75.17410282,,,,,,,,,,
2442,75.12681089,,,,,,,,,,
2441,75.12426847,,,,,,,,,,
2440,75.0771332,,,,,,,,,,
2439,75.03791468,,,,,,,,,,
2438,75.00836944,,,,,,,,,,
2437,74.99067135,,,,,,,,,,
2436,74.95357533,,,,,,,,,,
2435,74.9421911,,,,,,,,,,
2434,74.91797892,,,,,,,,,,
2433,74.90269643,,,,,,,,,,
2432,74.90450787,,,,,,,,,,
2431,74.89184161,,,,,,,,,,
2430,74.85281703,,,,,,,,,,
2429,74.86480912,,,,,,,,,,
2428,74.87583907,,,,,,,,,,
2427,74.868775,,,,,,,,,,
2426,74.87734544,,,,,,,,,,
2425,74.87848752,,,,,,,,,,
2424,74.9257958,,,,,,,,,,
2423,74.93739076,,,,,,,,,,
2422,74.95366015,,,,,,,,,,
2421,74.96838501,,,,,,,,,,
2420,75.00455194,,,,,,,,,,
2419,75.03149095,,,,,,,,,,
2418,75.0812567,,,,,,,,,,
2417,75.09695476,,,,,,,,,,
2416,75.18283753,,,,,,,,,,
2415,75.18795358,,,,,,,,,,
2414,75.27707933,,,,,,,,,,
2413,75.33269931,,,,,,,,,,
2412,75.38203972,,,,,,,,,,
2411,75.43760031,,,,,,,,,,
2410,75.51466008,,,,,,,,,,
2409,75.55875717,,,,,,,,,,
2408,75.63903464,,,,,,,,,,
2407,75.69636387,,,,,,,,,,
2406,75.77074675,,,,,,,,,,
2405,75.82636959,,,,,,,,,,
2404,75.9228476,,,,,,,,,,
2403,75.97945612,,,,,,,,,,
2402,76.07716408,,,,,,,,,,
2401,76.15285416,,,,,,,,,,
2400,76.22774814,,,,,,,,,,
2399,76.3277805,,,,,,,,,,
2398,76.41623456,,,,,,,,,,
2397,76.49697241,,,,,,,,,,
2396,76.59930265,,,,,,,,,,
2395,76.71710902,,,,,,,,,,
2394,76.79208257,,,,,,,,,,
2393,76.92040622,,,,,,,,,,
2392,77.00650873,,,,,,,,,,
2391,77.1383431,,,,,,,,,,
2390,77.2037113,,,,,,,,,,
2389,77.32745122,,,,,,,,,,
2388,77.42421065,,,,,,,,,,
2387,77.52754968,,,,,,,,,,
2386,77.64436343,,,,,,,,,,
2385,77.73441569,,,,,,,,,,
2384,77.84392589,,,,,,,,,,
2383,77.94149168,,,,,,,,,,
2382,78.06469407,,,,,,,,,,
2381,78.15743667,,,,,,,,,,
2380,78.24184426,,,,,,,,,,
2379,78.37825773,,,,,,,,,,
2378,78.46396496,,,,,,,,,,
2377,78.54224596,,,,,,,,,,
2376,78.65711262,,,,,,,,,,
2375,78.76881341,,,,,,,,,,
2374,78.88695978,,,,,,,,,,
2373,78.97546276,,,,,,,,,,
2372,79.08977073,,,,,,,,,,
2371,79.20101089,,,,,,,,,,
2370,79.24971214,,,,,,,,,,
2369,79.4175809,,,,,,,,,,
2368,79.49188225,,,,,,,,,,
2367,79.59379898,,,,,,,,,,
2366,79.70394686,,,,,,,,,,
2365,79.76489283,,,,,,,,,,
2364,79.88994093,,,,,,,,,,
2363,79.94814478,,,,,,,,,,
2362,80.03794184,,,,,,,,,,
2361,80.10691456,,,,,,,,,,
2360,80.20342563,,,,,,,,,,
2359,80.28341552,,,,,,,,,,
2358,80.33504028,,,,,,,,,,
2357,80.3757157,,,,,,,,,,
2356,80.46676553,,,,,,,,,,
2355,80.54020945,,,,,,,,,,
2354,80.58512653,,,,,,,,,,
2353,80.6440365,,,,,,,,,,
2352,80.67695498,,,,,,,,,,
2351,80.72595588,,,,,,,,,,
2350,80.78630275,,,,,,,,,,
2349,80.80659294,,,,,,,,,,
2348,80.83769316,,,,,,,,,,
2347,80.8706397,,,,,,,,,,
2346,80.90413151,,,,,,,,,,
2345,80.91878001,,,,,,,,,,
2344,80.93008815,,,,,,,,,,
2343,80.95419749,,,,,,,,,,
2342,80.97320244,,,,,,,,,,
2341,80.96627406,,,,,,,,,,
2340,80.97590988,,,,,,,,,,
2339,80.94376693,,,,,,,,,,
2338,80.91763879,,,,,,,,,,
2337,80.89919836,,,,,,,,,,
2336,80.88012276,,,,,,,,,,
2335,80.87300802,,,,,,,,,,
2334,80.79111875,,,,,,,,,,
2333,80.77007464,,,,,,,,,,
2332,80.71989802,,,,,,,,,,
2331,80.67517051,,,,,,,,,,
2330,80.57354311,,,,,,,,,,
2329,80.51701649,,,,,,,,,,
2328,80.44644051,,,,,,,,,,
2327,80.39497836,,,,,,,,,,
2326,80.2978271,,,,,,,,,,
2325,80.16656538,,,,,,,,,,
2324,80.08885375,,,,,,,,,,
2323,80.02034106,,,,,,,,,,
2322,79.92614736,,,,,,,,,,
2321,79.80880577,,,,,,,,,,
2320,79.67858489,,,,,,,,,,
2319,79.56830197,,,,,,,,,,
2318,79.45255706,,,,,,,,,,
2317,79.30609674,,,,,,,,,,
2316,79.16220929,,,,,,,,,,
2315,79.01658161,,,,,,,,,,
2314,78.87538835,,,,,,,,,,
2313,78.74289194,,,,,,,,,,
2312,78.58007778,,,,,,,,,,
2311,78.4237856,,,,,,,,,,
2310,78.26960266,,,,,,,,,,
2309,78.11214968,,,,,,,,,,
2308,77.94508269,,,,,,,,,,
2307,77.76291324,,,,,,,,,,
2306,77.5725732,,,,,,,,,,
2305,77.41320847,,,,,,,,,,
2304,77.24853294,,,,,,,,,,
2303,77.05528433,,,,,,,,,,
2302,76.84843549,,,,,,,,,,
2301,76.67847332,,,,,,,,,,
2300,76.48272058,,,,,,,,,,
2299,76.29952587,,,,,,,,,,
2298,76.10013044,,,,,,,,,,
2297,75.88495418,,,,,,,,,,
2296,75.69709139,,,,,,,,,,
2295,75.52417687,,,,,,,,,,
2294,75.31405333,,,,,,,,,,
2293,75.08848863,,,,,,,,,,
2292,74.88864115,,,,,,,,,,
2291,74.69513017,,,,,,,,,,
2290,74.49874314,,,,,,,,,,
2289,74.26980572,,,,,,,,,,
2288,74.05093448,,,,,,,,,,
2287,73.85481539,,,,,,,,,,
2286,73.65724374,,,,,,,,,,
2285,73.45220171,,,,,,,,,,
2284,73.23017845,,,,,,,,,,
2283,73.03960878,,,,,,,,,,
2282,72.83023833,,,,,,,,,,
2281,72.60596494,,,,,,,,,,
2280,72.3995454,,,,,,,,,,
2279,72.19143304,,,,,,,,,,
2278,71.98934917,,,,,,,,,,
2277,71.78934506,,,,,,,,,,
2276,71.56669087,,,,,,,,,,
2275,71.35499027,,,,,,,,,,
2274,71.13000837,,,,,,,,,,
2273,70.94078125,,,,,,,,,,
2272,70.74334117,,,,,,,,,,
2271,70.52579453,,,,,,,,,,
2270,70.3080287,,,,,,,,,,
2269,70.11935838,,,,,,,,,,
2268,69.92045985,,,,,,,,,,
2267,69.73177255,,,,,,,,,,
2266,69.54998423,,,,,,,,,,
2265,69.37013674,,,,,,,,,,
2264,69.20437418,,,,,,,,,,
2263,69.03309353,,,,,,,,,,
2262,68.86827845,,,,,,,,,,
2261,68.71480982,,,,,,,,,,
2260,68.55314772,,,,,,,,,,
2259,68.44199654,,,,,,,,,,
2258,68.31933003,,,,,,,,,,
2257,68.19594658,,,,,,,,,,
2256,68.0934412,,,,,,,,,,
2255,67.99305537,,,,,,,,,,
2254,67.89773952,,,,,,,,,,
2253,67.82022954,,,,,,,,,,
2252,67.75436115,,,,,,,,,,
2251,67.68373372,,,,,,,,,,
2250,67.63218396,,,,,,,,,,
2249,67.60170997,,,,,,,,,,
2248,67.58332851,,,,,,,,,,
2247,67.56125525,,,,,,,,,,
2246,67.55053319,,,,,,,,,,
2245,67.54432916,,,,,,,,,,
2244,67.55536546,,,,,,,,,,
2243,67.57152866,,,,,,,,,,
2242,67.58646199,,,,,,,,,,
2241,67.61169712,,,,,,,,,,
2240,67.65915337,,,,,,,,,,
2239,67.69093472,,,,,,,,,,
2238,67.71940517,,,,,,,,,,
2237,67.76044324,,,,,,,,,,
2236,67.80926498,,,,,,,,,,
2235,67.85002187,,,,,,,,,,
2234,67.90191309,,,,,,,,,,
2233,67.94027351,,,,,,,,,,
2232,67.97317625,,,,,,,,,,
2231,67.99751729,,,,,,,,,,
2230,68.03727199,,,,,,,,,,
2229,68.05698578,,,,,,,,,,
2228,68.06241787,,,,,,,,,,
2227,68.07752396,,,,,,,,,,
2226,68.0995034,,,,,,,,,,
2225,68.09352839,,,,,,,,,,
2224,68.09907794,,,,,,,,,,
2223,68.10093871,,,,,,,,,,
2222,68.11790335,,,,,,,,,,
2221,68.14963034,,,,,,,,,,
2220,68.16440195,,,,,,,,,,
2219,68.17483311,,,,,,,,,,
2218,68.2291344,,,,,,,,,,
2217,68.2807801,,,,,,,,,,
2216,68.3656699,,,,,,,,,,
2215,68.4834274,,,,,,,,,,
2214,68.60562225,,,,,,,,,,
2213,68.80239286,,,,,,,,,,
2212,69.00217465,,,,,,,,,,
2211,69.28105423,,,,,,,,,,
2210,69.55126692,,,,,,,,,,
2209,69.90715062,,,,,,,,,,
2208,70.31108405,,,,,,,,,,
2207,70.72390758,,,,,,,,,,
2206,71.18316739,,,,,,,,,,
2205,71.75869326,,,,,,,,,,
2204,72.3054938,,,,,,,,,,
2203,72.95235288,,,,,,,,,,
2202,73.55489299,,,,,,,,,,
2201,74.24180916,,,,,,,,,,
2200,74.89639437,,,,,,,,,,
2199,75.64387206,,,,,,,,,,
2198,76.355269,,,,,,,,,,
2197,77.04438063,,,,,,,,,,
2196,77.7869879,,,,,,,,,,
2195,78.50808313,,,,,,,,,,
2194,79.1654709,,,,,,,,,,
2193,79.83197837,,,,,,,,,,
2192,80.45249209,,,,,,,,,,
2191,81.02386616,,,,,,,,,,
2190,81.64336742,,,,,,,,,,
2189,82.16225447,,,,,,,,,,
2188,82.66486754,,,,,,,,,,
2187,83.01483769,,,,,,,,,,
2186,83.57393151,,,,,,,,,,
2185,83.89736989,,,,,,,,,,
2184,84.28181256,,,,,,,,,,
2183,84.57654043,,,,,,,,,,
2182,84.89302489,,,,,,,,,,
2181,85.14697214,,,,,,,,,,
2180,85.36072211,,,,,,,,,,
2179,85.59967961,,,,,,,,,,
2178,85.74160952,,,,,,,,,,
2177,85.92491984,,,,,,,,,,
2176,86.05259003,,,,,,,,,,
2175,86.15863515,,,,,,,,,,
2174,86.28003308,,,,,,,,,,
2173,86.3526004,,,,,,,,,,
2172,86.39269646,,,,,,,,,,
2171,86.429297,,,,,,,,,,
2170,86.45363677,,,,,,,,,,
2169,86.46835119,,,,,,,,,,
2168,86.45351136,,,,,,,,,,
2167,86.44857808,,,,,,,,,,
2166,86.41219258,,,,,,,,,,
2165,86.35332719,,,,,,,,,,
2164,86.29200465,,,,,,,,,,
2163,86.23098381,,,,,,,,,,
2162,86.16145182,,,,,,,,,,
2161,86.06374688,,,,,,,,,,
2160,85.94419508,,,,,,,,,,
2159,85.85761899,,,,,,,,,,
2158,85.73849418,,,,,,,,,,
2157,85.60858733,,,,,,,,,,
2156,85.47200088,,,,,,,,,,
2155,85.36776615,,,,,,,,,,
2154,85.21641128,,,,,,,,,,
2153,85.03300063,,,,,,,,,,
2152,84.91221887,,,,,,,,,,
2151,84.76009443,,,,,,,,,,
2150,84.5926871,,,,,,,,,,
2149,84.37771366,,,,,,,,,,
2148,84.24161131,,,,,,,,,,
2147,84.07936417,,,,,,,,,,
2146,83.87249446,,,,,,,,,,
2145,83.6749297,,,,,,,,,,
2144,83.50603538,,,,,,,,,,
2143,83.33110559,,,,,,,,,,
2142,83.08509204,,,,,,,,,,
2141,82.9159745,,,,,,,,,,
2140,82.72072058,,,,,,,,,,
2139,82.50080926,,,,,,,,,,
2138,82.29266178,,,,,,,,,,
2137,82.1057985,,,,,,,,,,
2136,81.88440886,,,,,,,,,,
2135,81.68464679,,,,,,,,,,
2134,81.49835791,,,,,,,,,,
2133,81.27962213,,,,,,,,,,
2132,81.08556286,,,,,,,,,,
2131,80.86186166,,,,,,,,,,
2130,80.68681535,,,,,,,,,,
2129,80.46915594,,,,,,,,,,
2128,80.26831299,,,,,,,,,,
2127,80.080734,,,,,,,,,,
2126,79.8950655,,,,,,,,,,
2125,79.71707815,,,,,,,,,,
2124,79.49559139,,,,,,,,,,
2123,79.31984365,,,,,,,,,,
2122,79.15411578,,,,,,,,,,
2121,78.99390983,,,,,,,,,,
2120,78.79235983,,,,,,,,,,
2119,78.6541817,,,,,,,,,,
2118,78.47468973,,,,,,,,,,
2117,78.33140065,,,,,,,,,,
2116,78.17697448,,,,,,,,,,
2115,78.05974811,,,,,,,,,,
2114,77.9264484,,,,,,,,,,
2113,77.76790928,,,,,,,,,,
2112,77.68294967,,,,,,,,,,
2111,77.5426694,,,,,,,,,,
2110,77.47965513,,,,,,,,,,
2109,77.30643138,,,,,,,,,,
2108,77.24760755,,,,,,,,,,
2107,77.14557876,,,,,,,,,,
2106,77.12282915,,,,,,,,,,
2105,77.00727409,,,,,,,,,,
2104,76.93924687,,,,,,,,,,
2103,76.88051879,,,,,,,,,,
2102,76.84944531,,,,,,,,,,
2101,76.79677917,,,,,,,,,,
2100,76.74127263,,,,,,,,,,
2099,76.73936361,,,,,,,,,,
2098,76.73511573,,,,,,,,,,
2097,76.69723275,,,,,,,,,,
2096,76.70912428,,,,,,,,,,
2095,76.71012364,,,,,,,,,,
2094,76.71600872,,,,,,,,,,
2093,76.75595262,,,,,,,,,,
2092,76.77861259,,,,,,,,,,
2091,76.80616209,,,,,,,,,,
2090,76.86672279,,,,,,,,,,
2089,76.91081532,,,,,,,,,,
2088,76.96639075,,,,,,,,,,
2087,77.01143243,,,,,,,,,,
2086,77.11024159,,,,,,,,,,
2085,77.18783105,,,,,,,,,,
2084,77.27620891,,,,,,,,,,
2083,77.36973502,,,,,,,,,,
2082,77.44461922,,,,,,,,,,
2081,77.60339163,,,,,,,,,,
2080,77.69265963,,,,,,,,,,
2079,77.83144806,,,,,,,,,,
2078,77.91768064,,,,,,,,,,
2077,78.08849161,,,,,,,,,,
2076,78.22785394,,,,,,,,,,
2075,78.36318065,,,,,,,,,,
2074,78.51729269,,,,,,,,,,
2073,78.70326739,,,,,,,,,,
2072,78.83275537,,,,,,,,,,
2071,79.01479098,,,,,,,,,,
2070,79.18551795,,,,,,,,,,
2069,79.35743136,,,,,,,,,,
2068,79.53986859,,,,,,,,,,
2067,79.73844962,,,,,,,,,,
2066,79.91491679,,,,,,,,,,
2065,80.11540348,,,,,,,,,,
2064,80.31153582,,,,,,,,,,
2063,80.527571,,,,,,,,,,
2062,80.71601927,,,,,,,,,,
2061,80.91962412,,,,,,,,,,
2060,81.09838906,,,,,,,,,,
2059,81.37981362,,,,,,,,,,
2058,81.55967644,,,,,,,,,,
2057,81.77888288,,,,,,,,,,
2056,81.9481787,,,,,,,,,,
2055,82.20328581,,,,,,,,,,
2054,82.42328606,,,,,,,,,,
2053,82.59840288,,,,,,,,,,
2052,82.83052206,,,,,,,,,,
2051,83.04657859,,,,,,,,,,
2050,83.241045,,,,,,,,,,
2049,83.43775743,,,,,,,,,,
2048,83.64387403,,,,,,,,,,
2047,83.85706164,,,,,,,,,,
2046,84.03915537,,,,,,,,,,
2045,84.22948257,,,,,,,,,,
2044,84.42886764,,,,,,,,,,
2043,84.59449066,,,,,,,,,,
2042,84.77538033,,,,,,,,,,
2041,84.95129013,,,,,,,,,,
2040,85.11867015,,,,,,,,,,
2039,85.25907181,,,,,,,,,,
2038,85.41404346,,,,,,,,,,
2037,85.5784822,,,,,,,,,,
2036,85.70819943,,,,,,,,,,
2035,85.84976589,,,,,,,,,,
2034,85.97438118,,,,,,,,,,
2033,86.09377826,,,,,,,,,,
2032,86.20332299,,,,,,,,,,
2031,86.29034485,,,,,,,,,,
2030,86.38492969,,,,,,,,,,
2029,86.47088958,,,,,,,,,,
2028,86.55270365,,,,,,,,,,
2027,86.61517733,,,,,,,,,,
2026,86.66981999,,,,,,,,,,
2025,86.73366911,,,,,,,,,,
2024,86.77452057,,,,,,,,,,
2023,86.80587463,,,,,,,,,,
2022,86.83902797,,,,,,,,,,
2021,86.86141504,,,,,,,,,,
2020,86.87893051,,,,,,,,,,
2019,86.89616265,,,,,,,,,,
2018,86.85511295,,,,,,,,,,
2017,86.8979494,,,,,,,,,,
2016,86.85988297,,,,,,,,,,
2015,86.81352999,,,,,,,,,,
2014,86.83080917,,,,,,,,,,
2013,86.74480002,,,,,,,,,,
2012,86.75072141,,,,,,,,,,
2011,86.64358283,,,,,,,,,,
2010,86.67187877,,,,,,,,,,
2009,86.61127303,,,,,,,,,,
2008,86.4746042,,,,,,,,,,
2007,86.42760162,,,,,,,,,,
2006,86.41451657,,,,,,,,,,
2005,86.27459317,,,,,,,,,,
2004,86.23168936,,,,,,,,,,
2003,86.14222525,,,,,,,,,,
2002,86.05458981,,,,,,,,,,
2001,85.98295006,,,,,,,,,,
2000,85.91852218,,,,,,,,,,
1999,85.87985465,,,,,,,,,,
1998,85.81539274,,,,,,,,,,
1997,85.71111545,,,,,,,,,,
1996,85.61807395,,,,,,,,,,
1995,85.5424126,,,,,,,,,,
1994,85.44724117,,,,,,,,,,
1993,85.35778858,,,,,,,,,,
1992,85.27963723,,,,,,,,,,
1991,85.28946242,,,,,,,,,,
1990,85.13895568,,,,,,,,,,
1989,85.06941876,,,,,,,,,,
1988,85.04374185,,,,,,,,,,
1987,84.93982053,,,,,,,,,,
1986,84.901556,,,,,,,,,,
1985,84.84268323,,,,,,,,,,
1984,84.7823877,,,,,,,,,,
1983,84.75303123,,,,,,,,,,
1982,84.70298479,,,,,,,,,,
1981,84.68132485,,,,,,,,,,
1980,84.61390659,,,,,,,,,,
1979,84.62371933,,,,,,,,,,
1978,84.63666779,,,,,,,,,,
1977,84.56468073,,,,,,,,,,
1976,84.5324009,,,,,,,,,,
1975,84.61269231,,,,,,,,,,
1974,84.56324336,,,,,,,,,,
1973,84.56521423,,,,,,,,,,
1972,84.59596135,,,,,,,,,,
1971,84.62830402,,,,,,,,,,
1970,84.66128495,,,,,,,,,,
1969,84.69522521,,,,,,,,,,
1968,84.74631895,,,,,,,,,,
1967,84.77404657,,,,,,,,,,
1966,84.84178423,,,,,,,,,,
1965,84.92203254,,,,,,,,,,
1964,84.9740806,,,,,,,,,,
1963,85.05507041,,,,,,,,,,
1962,85.14149065,,,,,,,,,,
1961,85.22511681,,,,,,,,,,
1960,85.32300286,,,,,,,,,,
1959,85.42270288,,,,,,,,,,
1958,85.52925927,,,,,,,,,,
1957,85.63863086,,,,,,,,,,
1956,85.76757426,,,,,,,,,,
1955,85.81711872,,,,,,,,,,
1954,85.97848183,,,,,,,,,,
1953,86.15543464,,,,,,,,,,
1952,86.26587791,,,,,,,,,,
1951,86.346692,,,,,,,,,,
1950,86.55700501,,,,,,,,,,
1949,86.67991109,,,,,,,,,,
1948,86.80946138,,,,,,,,,,
1947,86.95108798,,,,,,,,,,
1946,87.09111867,,,,,,,,,,
1945,87.21634497,,,,,,,,,,
1944,87.35699479,,,,,,,,,,
1943,87.5144446,,,,,,,,,,
1942,87.6543197,,,,,,,,,,
1941,87.78531093,,,,,,,,,,
1940,87.91990275,,,,,,,,,,
1939,88.04495383,,,,,,,,,,
1938,88.19670797,,,,,,,,,,
1937,88.2915902,,,,,,,,,,
1936,88.40533271,,,,,,,,,,
1935,88.50293739,,,,,,,,,,
1934,88.62235746,,,,,,,,,,
1933,88.76655704,,,,,,,,,,
1932,88.83606985,,,,,,,,,,
1931,88.89826385,,,,,,,,,,
1930,88.97193339,,,,,,,,,,
1929,89.04221099,,,,,,,,,,
1928,89.09373275,,,,,,,,,,
1927,89.12919906,,,,,,,,,,
1926,89.14652258,,,,,,,,,,
1925,89.1852308,,,,,,,,,,
1924,89.17709817,,,,,,,,,,
1923,89.18319313,,,,,,,,,,
1922,89.14526832,,,,,,,,,,
1921,89.10873696,,,,,,,,,,
1920,89.0742089,,,,,,,,,,
1919,89.07848278,,,,,,,,,,
1918,89.0028165,,,,,,,,,,
1917,88.9104579,,,,,,,,,,
1916,88.82180645,,,,,,,,,,
1915,88.71561641,,,,,,,,,,
1914,88.59676801,,,,,,,,,,
1913,88.48859073,,,,,,,,,,
1912,88.35858171,,,,,,,,,,
1911,88.24179029,,,,,,,,,,
1910,88.06832646,,,,,,,,,,
1909,87.82640419,,,,,,,,,,
1908,87.6483511,,,,,,,,,,
1907,87.4255234,,,,,,,,,,
1906,87.22619682,,,,,,,,,,
1905,87.0258065,,,,,,,,,,
1904,86.76221187,,,,,,,,,,
1903,86.53702846,,,,,,,,,,
1902,86.2498228,,,,,,,,,,
1901,86.02493332,,,,,,,,,,
1900,85.7400618,,,,,,,,,,
1899,85.46701925,,,,,,,,,,
1898,85.16371047,,,,,,,,,,
1897,84.90744419,,,,,,,,,,
1896,84.62117274,,,,,,,,,,
1895,84.32771738,,,,,,,,,,
1894,84.02391069,,,,,,,,,,
1893,83.73463981,,,,,,,,,,
1892,83.44427512,,,,,,,,,,
1891,83.17502284,,,,,,,,,,
1890,82.81803703,,,,,,,,,,
1889,82.53232769,,,,,,,,,,
1888,82.23074094,,,,,,,,,,
1887,81.91324952,,,,,,,,,,
1886,81.67121394,,,,,,,,,,
1885,81.34676514,,,,,,,,,,
1884,81.07982831,,,,,,,,,,
1883,80.77684515,,,,,,,,,,
1882,80.49854091,,,,,,,,,,
1881,80.24818255,,,,,,,,,,
1880,79.97701748,,,,,,,,,,
1879,79.72562829,,,,,,,,,,
1878,79.48232638,,,,,,,,,,
1877,79.22436662,,,,,,,,,,
1876,78.97556539,,,,,,,,,,
1875,78.7237824,,,,,,,,,,
1874,78.4875335,,,,,,,,,,
1873,78.26587189,,,,,,,,,,
1872,77.98673342,,,,,,,,,,
1871,77.77592505,,,,,,,,,,
1870,77.56352389,,,,,,,,,,
1869,77.37243394,,,,,,,,,,
1868,77.18236108,,,,,,,,,,
1867,77.02787571,,,,,,,,,,
1866,76.85329224,,,,,,,,,,
1865,76.7315189,,,,,,,,,,
1864,76.5924582,,,,,,,,,,
1863,76.48695906,,,,,,,,,,
1862,76.36686529,,,,,,,,,,
1861,76.25442545,,,,,,,,,,
1860,76.2121483,,,,,,,,,,
1859,76.13143857,,,,,,,,,,
1858,76.06464967,,,,,,,,,,
1857,76.02607492,,,,,,,,,,
1856,75.99249361,,,,,,,,,,
1855,75.97997493,,,,,,,,,,
1854,75.97263577,,,,,,,,,,
1853,75.97639415,,,,,,,,,,
1852,76.02267323,,,,,,,,,,
1851,76.05953992,,,,,,,,,,
1850,76.10880884,,,,,,,,,,
1849,76.17706755,,,,,,,,,,
1848,76.26399355,,,,,,,,,,
1847,76.3532171,,,,,,,,,,
1846,76.46981223,,,,,,,,,,
1845,76.57780067,,,,,,,,,,
1844,76.70760068,,,,,,,,,,
1843,76.85516716,,,,,,,,,,
1842,77.0361122,,,,,,,,,,
1841,77.19499843,,,,,,,,,,
1840,77.41663609,,,,,,,,,,
1839,77.63454995,,,,,,,,,,
1838,77.84810819,,,,,,,,,,
1837,78.07320534,,,,,,,,,,
1836,78.32362123,,,,,,,,,,
1835,78.55681272,,,,,,,,,,
1834,78.84569931,,,,,,,,,,
1833,79.08703262,,,,,,,,,,
1832,79.40047183,,,,,,,,,,
1831,79.68482273,,,,,,,,,,
1830,79.96868122,,,,,,,,,,
1829,80.27985534,,,,,,,,,,
1828,80.58187545,,,,,,,,,,
1827,80.88342586,,,,,,,,,,
1826,81.2100108,,,,,,,,,,
1825,81.55063476,,,,,,,,,,
1824,81.88845976,,,,,,,,,,
1823,82.25191425,,,,,,,,,,
1822,82.53365738,,,,,,,,,,
1821,82.92187231,,,,,,,,,,
1820,83.2207373,,,,,,,,,,
1819,83.58741242,,,,,,,,,,
1818,83.92189851,,,,,,,,,,
1817,84.27653319,,,,,,,,,,
1816,84.63548857,,,,,,,,,,
1815,84.92192299,,,,,,,,,,
1814,85.27596705,,,,,,,,,,
1813,85.57836611,,,,,,,,,,
1812,85.88455928,,,,,,,,,,
1811,86.17862759,,,,,,,,,,
1810,86.46459205,,,,,,,,,,
1809,86.76120274,,,,,,,,,,
1808,87.01769938,,,,,,,,,,
1807,87.27254522,,,,,,,,,,
1806,87.526302,,,,,,,,,,
1805,87.75132727,,,,,,,,,,
1804,87.98263353,,,,,,,,,,
1803,88.1301299,,,,,,,,,,
1802,88.34026446,,,,,,,,,,
1801,88.52218065,,,,,,,,,,
1800,88.63445092,,,,,,,,,,
1799,88.82595006,,,,,,,,,,
1798,88.85922734,,,,,,,,,,
1797,88.99303965,,,,,,,,,,
1796,89.04793198,,,,,,,,,,
1795,89.14702765,,,,,,,,,,
1794,89.1476359,,,,,,,,,,
1793,89.18094219,,,,,,,,,,
1792,89.18054827,,,,,,,,,,
1791,89.16893336,,,,,,,,,,
1790,89.141599,,,,,,,,,,
1789,89.0807307,,,,,,,,,,
1788,89.02186646,,,,,,,,,,
1787,88.95860737,,,,,,,,,,
1786,88.88058967,,,,,,,,,,
1785,88.73789362,,,,,,,,,,
1784,88.641462,,,,,,,,,,
1783,88.49752315,,,,,,,,,,
1782,88.38975875,,,,,,,,,,
1781,88.20578533,,,,,,,,,,
1780,88.03648776,,,,,,,,,,
1779,87.84064823,,,,,,,,,,
1778,87.71756894,,,,,,,,,,
1777,87.53619615,,,,,,,,,,
1776,87.31634857,,,,,,,,,,
1775,87.12685518,,,,,,,,,,
1774,86.93713492,,,,,,,,,,
1773,86.71771749,,,,,,,,,,
1772,86.52708143,,,,,,,,,,
1771,86.31184721,,,,,,,,,,
1770,86.10565436,,,,,,,,,,
1769,85.90271004,,,,,,,,,,
1768,85.71092939,,,,,,,,,,
1767,85.50739002,,,,,,,,,,
1766,85.28363943,,,,,,,,,,
1765,85.13551441,,,,,,,,,,
1764,84.94449728,,,,,,,,,,
1763,84.77882663,,,,,,,,,,
1762,84.58110475,,,,,,,,,,
1761,84.37141298,,,,,,,,,,
1760,84.24159626,,,,,,,,,,
1759,84.10224741,,,,,,,,,,
1758,83.90571948,,,,,,,,,,
1757,83.80291085,,,,,,,,,,
1756,83.66807491,,,,,,,,,,
1755,83.5970031,,,,,,,,,,
1754,83.40255292,,,,,,,,,,
1753,83.35295566,,,,,,,,,,
1752,83.2878622,,,,,,,,,,
1751,83.21619275,,,,,,,,,,
1750,83.12114643,,,,,,,,,,
1749,83.07479544,,,,,,,,,,
1748,83.03719701,,,,,,,,,,
1747,82.98727645,,,,,,,,,,
1746,82.97169073,,,,,,,,,,
1745,82.9740394,,,,,,,,,,
1744,82.9458562,,,,,,,,,,
1743,82.95127563,,,,,,,,,,
1742,82.98436295,,,,,,,,,,
1741,83.01791064,,,,,,,,,,
1740,83.05115727,,,,,,,,,,
1739,83.06859826,,,,,,,,,,
1738,83.13629757,,,,,,,,,,
1737,83.20605167,,,,,,,,,,
1736,83.26508995,,,,,,,,,,
1735,83.3341311,,,,,,,,,,
1734,83.41079916,,,,,,,,,,
1733,83.50470212,,,,,,,,,,
1732,83.58442964,,,,,,,,,,
1731,83.68624161,,,,,,,,,,
1730,83.76233775,,,,,,,,,,
1729,83.85410755,,,,,,,,,,
1728,83.92896645,,,,,,,,,,
1727,84.07073034,,,,,,,,,,
1726,84.13136151,,,,,,,,,,
1725,84.2083336,,,,,,,,,,
1724,84.32582334,,,,,,,,,,
1723,84.41427874,,,,,,,,,,
1722,84.48316025,,,,,,,,,,
1721,84.52750962,,,,,,,,,,
1720,84.6254615,,,,,,,,,,
1719,84.67000735,,,,,,,,,,
1718,84.69262588,,,,,,,,,,
1717,84.75297078,,,,,,,,,,
1716,84.78013501,,,,,,,,,,
1715,84.78388012,,,,,,,,,,
1714,84.78999348,,,,,,,,,,
1713,84.7824975,,,,,,,,,,
1712,84.7800952,,,,,,,,,,
1711,84.69123961,,,,,,,,,,
1710,84.66608033,,,,,,,,,,
1709,84.62582476,,,,,,,,,,
1708,84.5702548,,,,,,,,,,
1707,84.42777935,,,,,,,,,,
1706,84.33708513,,,,,,,,,,
1705,84.20314516,,,,,,,,,,
1704,84.07515769,,,,,,,,,,
1703,83.89842894,,,,,,,,,,
1702,83.77526461,,,,,,,,,,
1701,83.56601275,,,,,,,,,,
1700,83.34989185,,,,,,,,,,
1699,83.14622151,,,,,,,,,,
1698,82.99069576,,,,,,,,,,
1697,82.70053684,,,,,,,,,,
1696,82.44685842,,,,,,,,,,
1695,82.26615943,,,,,,,,,,
1694,81.97394778,,,,,,,,,,
1693,81.66523409,,,,,,,,,,
1692,81.4341794,,,,,,,,,,
1691,81.16021085,,,,,,,,,,
1690,80.84964503,,,,,,,,,,
1689,80.58301087,,,,,,,,,,
1688,80.28295577,,,,,,,,,,
1687,80.01112231,,,,,,,,,,
1686,79.64338258,,,,,,,,,,
1685,79.41593016,,,,,,,,,,
1684,79.13258597,,,,,,,,,,
1683,78.77073003,,,,,,,,,,
1682,78.49715452,,,,,,,,,,
1681,78.27006876,,,,,,,,,,
1680,77.95845702,,,,,,,,,,
1679,77.61953406,,,,,,,,,,
1678,77.3965267,,,,,,,,,,
1677,77.16698059,,,,,,,,,,
1676,76.86279404,,,,,,,,,,
1675,76.6063548,,,,,,,,,,
1674,76.40831574,,,,,,,,,,
1673,76.18177413,,,,,,,,,,
1672,75.94146553,,,,,,,,,,
1671,75.75890585,,,,,,,,,,
1670,75.58936567,,,,,,,,,,
1669,75.38013384,,,,,,,,,,
1668,75.24947303,,,,,,,,,,
1667,75.13081056,,,,,,,,,,
1666,74.95572596,,,,,,,,,,
1665,74.85819697,,,,,,,,,,
1664,74.7697854,,,,,,,,,,
1663,74.69965611,,,,,,,,,,
1662,74.62366288,,,,,,,,,,
1661,74.60252452,,,,,,,,,,
1660,74.57985726,,,,,,,,,,
1659,74.60938011,,,,,,,,,,
1658,74.5614437,,,,,,,,,,
1657,74.61659962,,,,,,,,,,
1656,74.64497559,,,,,,,,,,
1655,74.76570555,,,,,,,,,,
1654,74.8372645,,,,,,,,,,
1653,74.92196957,,,,,,,,,,
1652,75.09459685,,,,,,,,,,
1651,75.23019784,,,,,,,,,,
1650,75.40237994,,,,,,,,,,
1649,75.56391418,,,,,,,,,,
1648,75.8018292,,,,,,,,,,
1647,76.02357159,,,,,,,,,,
1646,76.2427445,,,,,,,,,,
1645,76.51443685,,,,,,,,,,
1644,76.78479601,,,,,,,,,,
1643,77.07325567,,,,,,,,,,
1642,77.38386309,,,,,,,,,,
1641,77.68094463,,,,,,,,,,
1640,78.03412614,,,,,,,,,,
1639,78.3667664,,,,,,,,,,
1638,78.70519753,,,,,,,,,,
1637,79.07304718,,,,,,,,,,
1636,79.42000009,,,,,,,,,,
1635,79.84724859,,,,,,,,,,
1634,80.18023931,,,,,,,,,,
1633,80.54995513,,,,,,,,,,
1632,80.94034053,,,,,,,,,,
1631,81.30671596,,,,,,,,,,
1630,81.7093887,,,,,,,,,,
1629,82.06043339,,,,,,,,,,
1628,82.42094895,,,,,,,,,,
1627,82.78206529,,,,,,,,,,
1626,83.1286315,,,,,,,,,,
1625,83.43029161,,,,,,,,,,
1624,83.781322,,,,,,,,,,
1623,84.07391457,,,,,,,,,,
1622,84.33855719,,,,,,,,,,
1621,84.61660474,,,,,,,,,,
1620,84.86503433,,,,,,,,,,
1619,85.04836006,,,,,,,,,,
1618,85.22340616,,,,,,,,,,
1617,85.4453026,,,,,,,,,,
1616,85.54978399,,,,,,,,,,
1615,85.64126406,,,,,,,,,,
1614,85.73185408,,,,,,,,,,
1613,85.80209182,,,,,,,,,,
1612,85.8236431,,,,,,,,,,
1611,85.81054024,,,,,,,,,,
1610,85.77292016,,,,,,,,,,
1609,85.72388866,,,,,,,,,,
1608,85.62326513,,,,,,,,,,
1607,85.47502018,,,,,,,,,,
1606,85.37523825,,,,,,,,,,
1605,85.23055781,,,,,,,,,,
1604,85.00239327,,,,,,,,,,
1603,84.80122657,,,,,,,,,,
1602,84.53423025,,,,,,,,,,
1601,84.32162758,,,,,,,,,,
1600,84.06091064,,,,,,,,,,
1599,83.73708975,,,,,,,,,,
1598,83.47334796,,,,,,,,,,
1597,83.13129036,,,,,,,,,,
1596,82.79202562,,,,,,,,,,
1595,82.4800696,,,,,,,,,,
1594,82.1585159,,,,,,,,,,
1593,81.77853521,,,,,,,,,,
1592,81.41715073,,,,,,,,,,
1591,81.10554689,,,,,,,,,,
1590,80.75326584,,,,,,,,,,
1589,80.37307302,,,,,,,,,,
1588,80.03834787,,,,,,,,,,
1587,79.70526277,,,,,,,,,,
1586,79.36181262,,,,,,,,,,
1585,79.02979073,,,,,,,,,,
1584,78.72464785,,,,,,,,,,
1583,78.39860692,,,,,,,,,,
1582,78.08771906,,,,,,,,,,
1581,77.79771718,,,,,,,,,,
1580,77.56702717,,,,,,,,,,
1579,77.26390084,,,,,,,,,,
1578,77.01641453,,,,,,,,,,
1577,76.76076577,,,,,,,,,,
1576,76.57378938,,,,,,,,,,
1575,76.40265423,,,,,,,,,,
1574,76.18963088,,,,,,,,,,
1573,76.00478002,,,,,,,,,,
1572,75.8256273,,,,,,,,,,
1571,75.73912246,,,,,,,,,,
1570,75.62748297,,,,,,,,,,
1569,75.5186267,,,,,,,,,,
1568,75.40406108,,,,,,,,,,
1567,75.37522689,,,,,,,,,,
1566,75.3296102,,,,,,,,,,
1565,75.28002323,,,,,,,,,,
1564,75.25895771,,,,,,,,,,
1563,75.26830548,,,,,,,,,,
1562,75.28208443,,,,,,,,,,
1561,75.32010542,,,,,,,,,,
1560,75.3455158,,,,,,,,,,
1559,75.39999062,,,,,,,,,,
1558,75.49370577,,,,,,,,,,
1557,75.56010067,,,,,,,,,,
1556,75.63883411,,,,,,,,,,
1555,75.74763731,,,,,,,,,,
1554,75.8592257,,,,,,,,,,
1553,75.95413072,,,,,,,,,,
1552,76.09196908,,,,,,,,,,
1551,76.21894342,,,,,,,,,,
1550,76.33417359,,,,,,,,,,
1549,76.52452466,,,,,,,,,,
1548,76.57166524,,,,,,,,,,
1547,76.74646869,,,,,,,,,,
1546,76.89430458,,,,,,,,,,
1545,76.98195634,,,,,,,,,,
1544,77.15349054,,,,,,,,,,
1543,77.24102824,,,,,,,,,,
1542,77.28654148,,,,,,,,,,
1541,77.4755221,,,,,,,,,,
1540,77.60054742,,,,,,,,,,
1539,77.63664794,,,,,,,,,,
1538,77.69011242,,,,,,,,,,
1537,77.75730791,,,,,,,,,,
1536,77.85058366,,,,,,,,,,
1535,77.92412584,,,,,,,,,,
1534,77.91972734,,,,,,,,,,
1533,77.91293664,,,,,,,,,,
1532,77.95915795,,,,,,,,,,
1531,77.95299606,,,,,,,,,,
1530,77.9356554,,,,,,,,,,
1529,77.88948438,,,,,,,,,,
1528,77.89562093,,,,,,,,,,
1527,77.82762891,,,,,,,,,,
1526,77.75567876,,,,,,,,,,
1525,77.69929624,,,,,,,,,,
1524,77.63893645,,,,,,,,,,
1523,77.54476212,,,,,,,,,,
1522,77.4367578,,,,,,,,,,
1521,77.34761787,,,,,,,,,,
1520,77.24422072,,,,,,,,,,
1519,77.1279074,,,,,,,,,,
1518,77.07269689,,,,,,,,,,
1517,76.92066078,,,,,,,,,,
1516,76.82888587,,,,,,,,,,
1515,76.66993378,,,,,,,,,,
1514,76.57785897,,,,,,,,,,
1513,76.52326163,,,,,,,,,,
1512,76.38644962,,,,,,,,,,
1511,76.28593818,,,,,,,,,,
1510,76.1944224,,,,,,,,,,
1509,76.1103518,,,,,,,,,,
1508,76.01350541,,,,,,,,,,
1507,75.96512123,,,,,,,,,,
1506,75.91780311,,,,,,,,,,
1505,75.91610557,,,,,,,,,,
1504,75.83657366,,,,,,,,,,
1503,75.82778742,,,,,,,,,,
1502,75.78071374,,,,,,,,,,
1501,75.8043977,,,,,,,,,,
1500,75.84490888,,,,,,,,,,
1499,75.89827272,,,,,,,,,,
1498,75.91319335,,,,,,,,,,
1497,75.97245282,,,,,,,,,,
1496,76.00274309,,,,,,,,,,
1495,76.11437949,,,,,,,,,,
1494,76.26340223,,,,,,,,,,
1493,76.34789022,,,,,,,,,,
1492,76.46096506,,,,,,,,,,
1491,76.57946328,,,,,,,,,,
1490,76.72475158,,,,,,,,,,
1489,76.86208226,,,,,,,,,,
1488,77.06926262,,,,,,,,,,
1487,77.22662989,,,,,,,,,,
1486,77.38040498,,,,,,,,,,
1485,77.55984065,,,,,,,,,,
1484,77.74711387,,,,,,,,,,
1483,77.89673394,,,,,,,,,,
1482,78.08627703,,,,,,,,,,
1481,78.27175881,,,,,,,,,,
1480,78.45649797,,,,,,,,,,
1479,78.61888085,,,,,,,,,,
1478,78.7645217,,,,,,,,,,
1477,78.9036327,,,,,,,,,,
1476,78.97903111,,,,,,,,,,
1475,79.11352659,,,,,,,,,,
1474,79.22748119,,,,,,,,,,
1473,79.29187242,,,,,,,,,,
1472,79.37034501,,,,,,,,,,
1471,79.40820198,,,,,,,,,,
1470,79.42626337,,,,,,,,,,
1469,79.42068726,,,,,,,,,,
1468,79.36835948,,,,,,,,,,
1467,79.39241356,,,,,,,,,,
1466,79.24174568,,,,,,,,,,
1465,79.13361271,,,,,,,,,,
1464,78.93333269,,,,,,,,,,
1463,78.82842238,,,,,,,,,,
1462,78.654756,,,,,,,,,,
1461,78.4727633,,,,,,,,,,
1460,78.22980675,,,,,,,,,,
1459,78.00160561,,,,,,,,,,
1458,77.68359638,,,,,,,,,,
1457,77.39464066,,,,,,,,,,
1456,77.10495477,,,,,,,,,,
1455,76.78258355,,,,,,,,,,
1454,76.46233366,,,,,,,,,,
1453,76.10456071,,,,,,,,,,
1452,75.7667909,,,,,,,,,,
1451,75.40778225,,,,,,,,,,
1450,75.02211445,,,,,,,,,,
1449,74.66318364,,,,,,,,,,
1448,74.30631528,,,,,,,,,,
1447,73.92758765,,,,,,,,,,
1446,73.55832282,,,,,,,,,,
1445,73.19542742,,,,,,,,,,
1444,72.83174242,,,,,,,,,,
1443,72.48230483,,,,,,,,,,
1442,72.16236522,,,,,,,,,,
1441,71.81249037,,,,,,,,,,
1440,71.49762184,,,,,,,,,,
1439,71.20080287,,,,,,,,,,
1438,70.91508182,,,,,,,,,,
1437,70.6419382,,,,,,,,,,
1436,70.38081191,,,,,,,,,,
1435,70.15011336,,,,,,,,,,
1434,69.94214141,,,,,,,,,,
1433,69.7304514,,,,,,,,,,
1432,69.56137672,,,,,,,,,,
1431,69.404644,,,,,,,,,,
1430,69.26560653,,,,,,,,,,
1429,69.1689931,,,,,,,,,,
1428,69.05874225,,,,,,,,,,
1427,68.99850057,,,,,,,,,,
1426,68.94017624,,,,,,,,,,
1425,68.92321873,,,,,,,,,,
1424,68.90660097,,,,,,,,,,
1423,68.92475329,,,,,,,,,,
1422,68.8194727,,,,,,,,,,
1421,69.03734243,,,,,,,,,,
1420,69.09103657,,,,,,,,,,
1419,69.1660855,,,,,,,,,,
1418,69.266534,,,,,,,,,,
1417,69.36521693,,,,,,,,,,
1416,69.50842353,,,,,,,,,,
1415,69.62922055,,,,,,,,,,
1414,69.79030595,,,,,,,,,,
1413,69.92591725,,,,,,,,,,
1412,70.05049051,,,,,,,,,,
1411,70.20928108,,,,,,,,,,
1410,70.35536755,,,,,,,,,,
1409,70.50732115,,,,,,,,,,
1408,70.65424915,,,,,,,,,,
1407,70.80621508,,,,,,,,,,
1406,70.94351174,,,,,,,,,,
1405,71.03123869,,,,,,,,,,
1404,71.17887949,,,,,,,,,,
1403,71.2527439,,,,,,,,,,
1402,71.31055166,,,,,,,,,,
1401,71.38801119,,,,,,,,,,
1400,71.37515236,,,,,,,,,,
1399,71.41915934,,,,,,,,,,
1398,71.42774519,,,,,,,,,,
1397,71.40744087,,,,,,,,,,
1396,71.30673911,,,,,,,,,,
1395,71.27056683,,,,,,,,,,
1394,71.18471182,,,,,,,,,,
1393,71.0633025,,,,,,,,,,
1392,70.95288711,,,,,,,,,,
1391,70.79298182,,,,,,,,,,
1390,70.65227094,,,,,,,,,,
1389,70.53034329,,,,,,,,,,
1388,70.38221456,,,,,,,,,,
1387,70.26975811,,,,,,,,,,
1386,70.13641968,,,,,,,,,,
1385,70.04819976,,,,,,,,,,
1384,69.98135667,,,,,,,,,,
1383,69.96652287,,,,,,,,,,
1382,69.99647065,,,,,,,,,,
1381,70.07195173,,,,,,,,,,
1380,70.21925722,,,,,,,,,,
1379,70.37676245,,,,,,,,,,
1378,70.60627506,,,,,,,,,,
1377,70.83143181,,,,,,,,,,
1376,71.06616694,,,,,,,,,,
1375,71.37407902,,,,,,,,,,
1374,71.6035846,,,,,,,,,,
1373,71.86381097,,,,,,,,,,
1372,72.11023829,,,,,,,,,,
1371,72.33323423,,,,,,,,,,
1370,72.51530633,,,,,,,,,,
1369,72.68566755,,,,,,,,,,
1368,72.80164257,,,,,,,,,,
1367,72.9125459,,,,,,,,,,
1366,73.05268855,,,,,,,,,,
1365,73.15847518,,,,,,,,,,
1364,73.23512037,,,,,,,,,,
1363,73.2910989,,,,,,,,,,
1362,73.39212785,,,,,,,,,,
1361,73.4742461,,,,,,,,,,
1360,73.54165629,,,,,,,,,,
1359,73.59687907,,,,,,,,,,
1358,73.6798975,,,,,,,,,,
1357,73.73119241,,,,,,,,,,
1356,73.77472207,,,,,,,,,,
1355,73.80652333,,,,,,,,,,
1354,73.83980263,,,,,,,,,,
1353,73.86834026,,,,,,,,,,
1352,73.85952228,,,,,,,,,,
1351,73.85541951,,,,,,,,,,
1350,73.78592557,,,,,,,,,,
1349,73.74375237,,,,,,,,,,
1348,73.65590674,,,,,,,,,,
1347,73.56310189,,,,,,,,,,
1346,73.40734732,,,,,,,,,,
1345,73.27458364,,,,,,,,,,
1344,73.09405723,,,,,,,,,,
1343,72.92574642,,,,,,,,,,
1342,72.67312447,,,,,,,,,,
1341,72.41086946,,,,,,,,,,
1340,72.14190343,,,,,,,,,,
1339,71.82411385,,,,,,,,,,
1338,71.51919803,,,,,,,,,,
1337,71.17607905,,,,,,,,,,
1336,70.79697892,,,,,,,,,,
1335,70.42940179,,,,,,,,,,
1334,70.05002384,,,,,,,,,,
1333,69.61350295,,,,,,,,,,
1332,69.21569381,,,,,,,,,,
1331,68.78706801,,,,,,,,,,
1330,68.36060015,,,,,,,,,,
1329,67.93562512,,,,,,,,,,
1328,67.52034323,,,,,,,,,,
1327,67.08452259,,,,,,,,,,
1326,66.65588306,,,,,,,,,,
1325,66.27664914,,,,,,,,,,
1324,65.86886045,,,,,,,,,,
1323,65.46378188,,,,,,,,,,
1322,65.128055,,,,,,,,,,
1321,64.76989825,,,,,,,,,,
1320,64.45170062,,,,,,,,,,
1319,64.14639632,,,,,,,,,,
1318,63.862182,,,,,,,,,,
1317,63.60153031,,,,,,,,,,
1316,63.39434398,,,,,,,,,,
1315,63.19845059,,,,,,,,,,
1314,63.00586589,,,,,,,,,,
1313,62.9103928,,,,,,,,,,
1312,62.78820056,,,,,,,,,,
1311,62.72694868,,,,,,,,,,
1310,62.69179995,,,,,,,,,,
1309,62.68618129,,,,,,,,,,
1308,62.71757713,,,,,,,,,,
1307,62.78833864,,,,,,,,,,
1306,62.90257848,,,,,,,,,,
1305,63.03765606,,,,,,,,,,
1304,63.18320776,,,,,,,,,,
1303,63.37573944,,,,,,,,,,
1302,63.6286945,,,,,,,,,,
1301,63.8764405,,,,,,,,,,
1300,64.15824639,,,,,,,,,,
1299,64.46732602,,,,,,,,,,
1298,64.80670841,,,,,,,,,,
1297,65.15347834,,,,,,,,,,
1296,65.50954518,,,,,,,,,,
1295,65.90786302,,,,,,,,,,
1294,66.305235,,,,,,,,,,
1293,66.69360198,,,,,,,,,,
1292,67.10810715,,,,,,,,,,
1291,67.51409832,,,,,,,,,,
1290,67.92434421,,,,,,,,,,
1289,68.33110546,,,,,,,,,,
1288,68.73906742,,,,,,,,,,
1287,69.0893137,,,,,,,,,,
1286,69.447025,,,,,,,,,,
1285,69.79650199,,,,,,,,,,
1284,70.11421918,,,,,,,,,,
1283,70.41758177,,,,,,,,,,
1282,70.70872821,,,,,,,,,,
1281,70.94503299,,,,,,,,,,
1280,71.15707002,,,,,,,,,,
1279,71.3414789,,,,,,,,,,
1278,71.50308857,,,,,,,,,,
1277,71.62960468,,,,,,,,,,
1276,71.73428387,,,,,,,,,,
1275,71.80051349,,,,,,,,,,
1274,71.87226723,,,,,,,,,,
1273,71.88990343,,,,,,,,,,
1272,71.85176332,,,,,,,,,,
1271,71.85024436,,,,,,,,,,
1270,71.8127858,,,,,,,,,,
1269,71.73805623,,,,,,,,,,
1268,71.69696619,,,,,,,,,,
1267,71.6256937,,,,,,,,,,
1266,71.52100706,,,,,,,,,,
1265,71.42576177,,,,,,,,,,
1264,71.30552798,,,,,,,,,,
1263,71.22128356,,,,,,,,,,
1262,71.12670829,,,,,,,,,,
1261,71.01017679,,,,,,,,,,
1260,70.92705778,,,,,,,,,,
1259,70.86272438,,,,,,,,,,
1258,70.75202058,,,,,,,,,,
1257,70.70557923,,,,,,,,,,
1256,70.5802848,,,,,,,,,,
1255,70.50975661,,,,,,,,,,
1254,70.44739218,,,,,,,,,,
1253,70.46894049,,,,,,,,,,
1252,70.41485272,,,,,,,,,,
1251,70.36775862,,,,,,,,,,
1250,70.36343065,,,,,,,,,,
1249,70.32079764,,,,,,,,,,
1248,70.32020079,,,,,,,,,,
1247,70.27784002,,,,,,,,,,
1246,70.25916082,,,,,,,,,,
1245,70.22409361,,,,,,,,,,
1244,70.20560972,,,,,,,,,,
1243,70.13180349,,,,,,,,,,
1242,70.16757537,,,,,,,,,,
1241,70.05941508,,,,,,,,,,
1240,69.96607431,,,,,,,,,,
1239,69.88672488,,,,,,,,,,
1238,69.77000813,,,,,,,,,,
1237,69.72662958,,,,,,,,,,
1236,69.5586045,,,,,,,,,,
1235,69.39323445,,,,,,,,,,
1234,69.23188763,,,,,,,,,,
1233,69.03857132,,,,,,,,,,
1232,68.82278896,,,,,,,,,,
1231,68.65034111,,,,,,,,,,
1230,68.43333859,,,,,,,,,,
1229,68.23034042,,,,,,,,,,
1228,67.95599401,,,,,,,,,,
1227,67.71255161,,,,,,,,,,
1226,67.43322891,,,,,,,,,,
1225,67.10334908,,,,,,,,,,
1224,66.96727797,,,,,,,,,,
1223,66.68245761,,,,,,,,,,
1222,66.44363844,,,,,,,,,,
1221,66.21850513,,,,,,,,,,
1220,65.99708899,,,,,,,,,,
1219,65.77196684,,,,,,,,,,
1218,65.63455623,,,,,,,,,,
1217,65.45181517,,,,,,,,,,
1216,65.27589523,,,,,,,,,,
1215,65.18455332,,,,,,,,,,
1214,65.10437851,,,,,,,,,,
1213,65.03967032,,,,,,,,,,
1212,65.00979546,,,,,,,,,,
1211,65.02101982,,,,,,,,,,
1210,65.02925867,,,,,,,,,,
1209,65.0857794,,,,,,,,,,
1208,65.16536711,,,,,,,,,,
1207,65.32135383,,,,,,,,,,
1206,65.43633682,,,,,,,,,,
1205,65.64554639,,,,,,,,,,
1204,65.82300063,,,,,,,,,,
1203,66.0468465,,,,,,,,,,
1202,66.28266773,,,,,,,,,,
1201,66.5317474,,,,,,,,,,
1200,66.85016546,,,,,,,,,,
1199,67.08631799,,,,,,,,,,
1198,67.38516185,,,,,,,,,,
1197,67.66801957,,,,,,,,,,
1196,67.96012328,,,,,,,,,,
1195,68.26965688,,,,,,,,,,
1194,68.54223853,,,,,,,,,,
1193,68.80171476,,,,,,,,,,
1192,69.02944847,,,,,,,,,,
1191,69.21036198,,,,,,,,,,
1190,69.48147747,,,,,,,,,,
1189,69.60659829,,,,,,,,,,
1188,69.72672308,,,,,,,,,,
1187,69.83068184,,,,,,,,,,
1186,69.88421231,,,,,,,,,,
1185,69.91228045,,,,,,,,,,
1184,69.89802557,,,,,,,,,,
1183,69.8840241,,,,,,,,,,
1182,69.77373141,,,,,,,,,,
1181,69.65978991,,,,,,,,,,
1180,69.50059407,,,,,,,,,,
1179,69.3477905,,,,,,,,,,
1178,69.15470528,,,,,,,,,,
1177,68.99928911,,,,,,,,,,
1176,68.76175688,,,,,,,,,,
1175,68.52330154,,,,,,,,,,
1174,68.27105333,,,,,,,,,,
1173,68.0785805,,,,,,,,,,
1172,67.89794394,,,,,,,,,,
1171,67.61158062,,,,,,,,,,
1170,67.42085318,,,,,,,,,,
1169,67.20377226,,,,,,,,,,
1168,67.03012481,,,,,,,,,,
1167,66.89045278,,,,,,,,,,
1166,66.72641387,,,,,,,,,,
1165,66.58975243,,,,,,,,,,
1164,66.50094143,,,,,,,,,,
1163,66.41889343,,,,,,,,,,
1162,66.36103414,,,,,,,,,,
1161,66.33827074,,,,,,,,,,
1160,66.3256038,,,,,,,,,,
1159,66.2900762,,,,,,,,,,
1158,66.38245069,,,,,,,,,,
1157,66.41757063,,,,,,,,,,
1156,66.41947074,,,,,,,,,,
1155,66.53255154,,,,,,,,,,
1154,66.63651221,,,,,,,,,,
1153,66.7113782,,,,,,,,,,
1152,66.81116772,,,,,,,,,,
1151,66.95229357,,,,,,,,,,
1150,67.01426777,,,,,,,,,,
1149,67.13388487,,,,,,,,,,
1148,67.24393204,,,,,,,,,,
1147,67.27261256,,,,,,,,,,
1146,67.38492359,,,,,,,,,,
1145,67.47753546,,,,,,,,,,
1144,67.49970134,,,,,,,,,,
1143,67.55293908,,,,,,,,,,
1142,67.61025799,,,,,,,,,,
1141,67.62413229,,,,,,,,,,
1140,67.63722138,,,,,,,,,,
1139,67.64926147,,,,,,,,,,
1138,67.64277,,,,,,,,,,
1137,67.64556122,,,,,,,,,,
1136,67.65426953,,,,,,,,,,
1135,67.59943054,,,,,,,,,,
1134,67.70714643,,,,,,,,,,
1133,67.65058716,,,,,,,,,,
1132,67.63232491,,,,,,,,,,
1131,67.73721445,,,,,,,,,,
1130,67.78645068,,,,,,,,,,
1129,67.76197581,,,,,,,,,,
1128,67.91289408,,,,,,,,,,
1127,68.0076422,,,,,,,,,,
1126,68.03426679,,,,,,,,,,
1125,68.22046315,,,,,,,,,,
1124,68.33770326,,,,,,,,,,
1123,68.51477323,,,,,,,,,,
1122,68.69158141,,,,,,,,,,
1121,68.85640419,,,,,,,,,,
1120,69.0098054,,,,,,,,,,
1119,69.28372656,,,,,,,,,,
1118,69.42298431,,,,,,,,,,
1117,69.61503237,,,,,,,,,,
1116,69.75199635,,,,,,,,,,
1115,69.90981297,,,,,,,,,,
1114,70.08789563,,,,,,,,,,
1113,70.14698695,,,,,,,,,,
1112,70.23063096,,,,,,,,,,
1111,70.28354616,,,,,,,,,,
1110,70.2512892,,,,,,,,,,
1109,70.24830979,,,,,,,,,,
1108,70.12820257,,,,,,,,,,
1107,70.00820528,,,,,,,,,,
1106,69.82159678,,,,,,,,,,
1105,69.59282526,,,,,,,,,,
1104,69.3329027,,,,,,,,,,
1103,69.03982926,,,,,,,,,,
1102,68.65127316,,,,,,,,,,
1101,68.35417489,,,,,,,,,,
1100,67.9001337,,,,,,,,,,
1099,67.52064971,,,,,,,,,,
1098,67.10733118,,,,,,,,,,
1097,66.70205718,,,,,,,,,,
1096,66.27940612,,,,,,,,,,
1095,65.86982214,,,,,,,,,,
1094,65.49233441,,,,,,,,,,
1093,65.09730624,,,,,,,,,,
1092,64.77267361,,,,,,,,,,
1091,64.47420023,,,,,,,,,,
1090,64.18149465,,,,,,,,,,
1089,63.95865247,,,,,,,,,,
1088,63.77422055,,,,,,,,,,
1087,63.64874875,,,,,,,,,,
1086,63.57481685,,,,,,,,,,
1085,63.55805581,,,,,,,,,,
1084,63.59746047,,,,,,,,,,
1083,63.67955938,,,,,,,,,,
1082,63.81724905,,,,,,,,,,
1081,64.00344768,,,,,,,,,,
1080,64.22277405,,,,,,,,,,
1079,64.5216774,,,,,,,,,,
1078,64.81772443,,,,,,,,,,
1077,65.19784875,,,,,,,,,,
1076,65.57933996,,,,,,,,,,
1075,65.99288123,,,,,,,,,,
1074,66.43428982,,,,,,,,,,
1073,66.8814663,,,,,,,,,,
1072,67.33526825,,,,,,,,,,
1071,67.80472383,,,,,,,,,,
1070,68.20779403,,,,,,,,,,
1069,68.61406364,,,,,,,,,,
1068,69.0188357,,,,,,,,,,
1067,69.39770413,,,,,,,,,,
1066,69.72030563,,,,,,,,,,
1065,70.04873829,,,,,,,,,,
1064,70.31721128,,,,,,,,,,
1063,70.55904499,,,,,,,,,,
1062,70.77855722,,,,,,,,,,
1061,70.96510328,,,,,,,,,,
1060,71.11270394,,,,,,,,,,
1059,71.24600634,,,,,,,,,,
1058,71.35976007,,,,,,,,,,
1057,71.45026689,,,,,,,,,,
1056,71.53147441,,,,,,,,,,
1055,71.60079666,,,,,,,,,,
1054,71.66651672,,,,,,,,,,
1053,71.7347111,,,,,,,,,,
1052,71.80282527,,,,,,,,,,
1051,71.87337918,,,,,,,,,,
1050,71.94759481,,,,,,,,,,
1049,72.40031609,,,,,,,,,,
1048,72.49948961,,,,,,,,,,
1047,72.59930026,,,,,,,,,,
1046,72.70186496,,,,,,,,,,
1045,72.81111501,,,,,,,,,,
1044,72.90123999,,,,,,,,,,
1043,72.98345893,,,,,,,,,,
1042,73.04761031,,,,,,,,,,
1041,73.0703249,,,,,,,,,,
1040,73.0767175,,,,,,,,,,
1039,73.01524099,,,,,,,,,,
1038,72.92555934,,,,,,,,,,
1037,72.78724918,,,,,,,,,,
1036,72.59451669,,,,,,,,,,
1035,72.3582918,,,,,,,,,,
1034,72.05879354,,,,,,,,,,
1033,71.7106082,,,,,,,,,,
1032,71.32999237,,,,,,,,,,
1031,70.90731821,,,,,,,,,,
1030,70.43261925,,,,,,,,,,
1029,69.96233122,,,,,,,,,,
1028,69.47507335,,,,,,,,,,
1027,68.95723047,,,,,,,,,,
1026,68.47939734,,,,,,,,,,
1025,68.00507303,,,,,,,,,,
1024,67.51990237,,,,,,,,,,
1023,67.08226005,,,,,,,,,,
1022,66.70988067,,,,,,,,,,
1021,66.36699753,,,,,,,,,,
1020,66.07866102,,,,,,,,,,
1019,65.86712272,,,,,,,,,,
1018,65.70746982,,,,,,,,,,
1017,65.64242689,,,,,,,,,,
1016,65.65048176,,,,,,,,,,
1015,65.73575469,,,,,,,,,,
1014,65.92459198,,,,,,,,,,
1013,66.18408701,,,,,,,,,,
1012,66.53013689,,,,,,,,,,
1011,66.96009072,,,,,,,,,,
1010,67.47323375,,,,,,,,,,
1009,68.02406658,,,,,,,,,,
1008,68.67266616,,,,,,,,,,
1007,69.33502392,,,,,,,,,,
1006,70.03037188,,,,,,,,,,
1005,70.77542904,,,,,,,,,,
1004,71.5065235,,,,,,,,,,
1003,72.19852478,,,,,,,,,,
1002,72.90415592,,,,,,,,,,
1001,73.55088292,,,,,,,,,,
1000,74.11235673,,,,,,,,,,
999,74.64312439,,,,,,,,,,
998,75.09480738,,,,,,,,,,
997,75.43837846,,,,,,,,,,
996,75.71221396,,,,,,,,,,
995,75.90193049,,,,,,,,,,
994,76.01888119,,,,,,,,,,
993,76.05126885,,,,,,,,,,
992,76.02862301,,,,,,,,,,
991,75.92811304,,,,,,,,,,
990,75.81277816,,,,,,,,,,
989,75.66261567,,,,,,,,,,
988,75.48662598,,,,,,,,,,
987,75.30102318,,,,,,,,,,
986,75.11122487,,,,,,,,,,
985,74.93944226,,,,,,,,,,
984,74.79070538,,,,,,,,,,
983,74.65655609,,,,,,,,,,
982,74.55417515,,,,,,,,,,
981,74.47333238,,,,,,,,,,
980,74.43758044,,,,,,,,,,
979,74.41826511,,,,,,,,,,
978,74.41595891,,,,,,,,,,
977,74.45029979,,,,,,,,,,
976,74.50014945,,,,,,,,,,
975,74.5626254,,,,,,,,,,
974,74.62737512,,,,,,,,,,
973,74.70866588,,,,,,,,,,
972,74.77715137,,,,,,,,,,
971,74.84746313,,,,,,,,,,
970,74.90136826,,,,,,,,,,
969,74.9471687,,,,,,,,,,
968,74.98738978,,,,,,,,,,
967,75.02624702,,,,,,,,,,
966,75.06343006,,,,,,,,,,
965,75.10238775,,,,,,,,,,
964,75.12242254,,,,,,,,,,
963,75.1886751,,,,,,,,,,
962,75.25238801,,,,,,,,,,
961,75.3684876,,,,,,,,,,
960,75.50517958,,,,,,,,,,
959,75.6641995,,,,,,,,,,
958,75.88848272,,,,,,,,,,
957,76.17547914,,,,,,,,,,
956,76.47730146,,,,,,,,,,
955,76.86189134,,,,,,,,,,
954,77.2726475,,,,,,,,,,
953,77.74736431,,,,,,,,,,
952,78.23760854,,,,,,,,,,
951,78.76724055,,,,,,,,,,
950,79.28474854,,,,,,,,,,
949,79.78647398,,,,,,,,,,
948,80.29450206,,,,,,,,,,
947,80.73758813,,,,,,,,,,
946,81.08636493,,,,,,,,,,
945,81.38576262,,,,,,,,,,
944,81.56063938,,,,,,,,,,
943,81.62856873,,,,,,,,,,
942,81.56036508,,,,,,,,,,
941,81.40767553,,,,,,,,,,
940,81.12272401,,,,,,,,,,
939,80.72485129,,,,,,,,,,
938,80.23000784,,,,,,,,,,
937,79.68089098,,,,,,,,,,
936,79.04241105,,,,,,,,,,
935,78.36745274,,,,,,,,,,
934,77.67680599,,,,,,,,,,
933,76.99101362,,,,,,,,,,
932,76.32116638,,,,,,,,,,
931,75.70778107,,,,,,,,,,
930,75.16159525,,,,,,,,,,
929,74.67856664,,,,,,,,,,
928,74.28450395,,,,,,,,,,
927,74.00697741,,,,,,,,,,
926,73.84964224,,,,,,,,,,
925,73.80664569,,,,,,,,,,
924,73.88678588,,,,,,,,,,
923,74.11563212,,,,,,,,,,
922,74.48052853,,,,,,,,,,
921,74.93577472,,,,,,,,,,
920,75.54292537,,,,,,,,,,
919,76.24396727,,,,,,,,,,
918,77.01884415,,,,,,,,,,
917,77.87792906,,,,,,,,,,
916,78.80646776,,,,,,,,,,
915,79.72385396,,,,,,,,,,
914,80.65467504,,,,,,,,,,
913,81.58389088,,,,,,,,,,
912,82.42565919,,,,,,,,,,
911,83.23095207,,,,,,,,,,
910,83.98661592,,,,,,,,,,
909,84.63528297,,,,,,,,,,
908,85.1843044,,,,,,,,,,
907,85.65138231,,,,,,,,,,
906,86.03175056,,,,,,,,,,
905,86.29673247,,,,,,,,,,
904,86.52953067,,,,,,,,,,
903,86.67324205,,,,,,,,,,
902,86.78572726,,,,,,,,,,
901,86.83916369,,,,,,,,,,
900,86.88097303,,,,,,,,,,
899,86.90469239,,,,,,,,,,
898,86.91385379,,,,,,,,,,
897,86.89492453,,,,,,,,,,
896,86.89268882,,,,,,,,,,
895,86.88934602,,,,,,,,,,
894,86.85964064,,,,,,,,,,
893,86.82958135,,,,,,,,,,
892,86.78647511,,,,,,,,,,
891,86.72967798,,,,,,,,,,
890,86.64969756,,,,,,,,,,
889,86.5447152,,,,,,,,,,
888,86.40250433,,,,,,,,,,
887,86.23920466,,,,,,,,,,
886,86.04351049,,,,,,,,,,
885,85.82905155,,,,,,,,,,
884,85.57210792,,,,,,,,,,
883,85.319839,,,,,,,,,,
882,85.0561331,,,,,,,,,,
881,84.81732849,,,,,,,,,,
880,84.57580524,,,,,,,,,,
879,84.36208438,,,,,,,,,,
878,84.16359729,,,,,,,,,,
877,84.0258973,,,,,,,,,,
876,83.90962455,,,,,,,,,,
875,83.8748633,,,,,,,,,,
874,83.8979311,,,,,,,,,,
873,83.9838457,,,,,,,,,,
872,84.12840087,,,,,,,,,,
871,84.35200868,,,,,,,,,,
870,84.62974313,,,,,,,,,,
869,84.99022149,,,,,,,,,,
868,85.36771228,,,,,,,,,,
867,85.79896545,,,,,,,,,,
866,86.28669328,,,,,,,,,,
865,86.82813308,,,,,,,,,,
864,87.35558075,,,,,,,,,,
863,87.90132803,,,,,,,,,,
862,88.47888061,,,,,,,,,,
861,89.01081608,,,,,,,,,,
860,89.56696332,,,,,,,,,,
859,90.12676978,,,,,,,,,,
858,90.61665001,,,,,,,,,,
857,91.09972601,,,,,,,,,,
856,91.58905748,,,,,,,,,,
855,92.01207674,,,,,,,,,,
854,92.41340603,,,,,,,,,,
853,92.80531753,,,,,,,,,,
852,93.1425948,,,,,,,,,,
851,93.45358905,,,,,,,,,,
850,93.7472132,,,,,,,,,,
849,93.98242092,,,,,,,,,,
848,94.20773128,,,,,,,,,,
847,94.40426146,,,,,,,,,,
846,94.57973943,,,,,,,,,,
845,94.67399548,,,,,,,,,,
844,94.80400549,,,,,,,,,,
843,94.88564434,,,,,,,,,,
842,94.95436353,,,,,,,,,,
841,95.01156712,,,,,,,,,,
840,95.07591379,,,,,,,,,,
839,95.13266178,,,,,,,,,,
838,95.17069305,,,,,,,,,,
837,95.25631971,,,,,,,,,,
836,95.32526086,,,,,,,,,,
835,95.38391449,,,,,,,,,,
834,95.46198524,,,,,,,,,,
833,95.58224901,,,,,,,,,,
832,95.74853669,,,,,,,,,,
831,95.84521321,,,,,,,,,,
830,96.01295038,,,,,,,,,,
829,96.14922793,,,,,,,,,,
828,96.2628486,,,,,,,,,,
827,96.42028853,,,,,,,,,,
826,96.5234473,,,,,,,,,,
825,96.63252024,,,,,,,,,,
824,96.72493631,,,,,,,,,,
823,96.78181479,,,,,,,,,,
822,96.84936392,,,,,,,,,,
821,96.9135113,,,,,,,,,,
820,96.9425996,,,,,,,,,,
819,96.99011003,,,,,,,,,,
818,97.01617918,,,,,,,,,,
817,97.09808501,,,,,,,,,,
816,97.0983432,,,,,,,,,,
815,97.17012542,,,,,,,,,,
814,97.22867011,,,,,,,,,,
813,97.28760933,,,,,,,,,,
812,97.37741777,,,,,,,,,,
811,97.43404026,,,,,,,,,,
810,97.5150874,,,,,,,,,,
809,97.57278655,,,,,,,,,,
808,97.68482167,,,,,,,,,,
807,97.71874184,,,,,,,,,,
806,97.77611949,,,,,,,,,,
805,97.80283949,,,,,,,,,,
804,97.80936892,,,,,,,,,,
803,97.83996238,,,,,,,,,,
802,97.82068869,,,,,,,,,,
801,97.87450271,,,,,,,,,,
800,97.88617401,,,,,,,,,,
799,97.94053284,,,,,,,,,,
798,97.94076821,,,,,,,,,,
797,97.9799862,,,,,,,,,,
796,98.06416639,,,,,,,,,,
795,98.1739065,,,,,,,,,,
794,98.25063969,,,,,,,,,,
793,98.34299375,,,,,,,,,,
792,98.44275277,,,,,,,,,,
791,98.53815213,,,,,,,,,,
790,98.60705685,,,,,,,,,,
789,98.69997376,,,,,,,,,,
788,98.70385318,,,,,,,,,,
787,98.73305075,,,,,,,,,,
786,98.73155731,,,,,,,,,,
785,98.74127131,,,,,,,,,,
784,98.62542221,,,,,,,,,,
783,98.61219869,,,,,,,,,,
782,98.54963115,,,,,,,,,,
781,98.49881527,,,,,,,,,,
780,98.43962808,,,,,,,,,,
779,98.45201899,,,,,,,,,,
778,98.41939504,,,,,,,,,,
777,98.4641752,,,,,,,,,,
776,98.47812986,,,,,,,,,,
775,98.51506637,,,,,,,,,,
774,98.59679815,,,,,,,,,,
773,98.66383882,,,,,,,,,,
772,98.71861253,,,,,,,,,,
771,98.76680613,,,,,,,,,,
770,98.80930655,,,,,,,,,,
769,98.83671875,,,,,,,,,,
768,98.80992279,,,,,,,,,,
767,98.82959127,,,,,,,,,,
766,98.80529981,,,,,,,,,,
765,98.75729121,,,,,,,,,,
764,98.72837066,,,,,,,,,,
763,98.67167256,,,,,,,,,,
762,98.62014542,,,,,,,,,,
761,98.6510914,,,,,,,,,,
760,98.63458637,,,,,,,,,,
759,98.65256073,,,,,,,,,,
758,98.70348812,,,,,,,,,,
757,98.70884581,,,,,,,,,,
756,98.73037691,,,,,,,,,,
755,98.82451279,,,,,,,,,,
754,98.81540486,,,,,,,,,,
753,98.83539295,,,,,,,,,,
752,98.81575885,,,,,,,,,,
751,98.81055122,,,,,,,,,,
750,98.76340976,,,,,,,,,,
749,98.73124451,,,,,,,,,,
748,98.66875016,,,,,,,,,,
747,98.58979265,,,,,,,,,,
746,98.55653417,,,,,,,,,,
745,98.50947382,,,,,,,,,,
744,98.52353309,,,,,,,,,,
743,98.48544398,,,,,,,,,,
742,98.52231018,,,,,,,,,,
741,98.57190349,,,,,,,,,,
740,98.59698584,,,,,,,,,,
739,98.64655956,,,,,,,,,,
738,98.6793032,,,,,,,,,,
737,98.70114447,,,,,,,,,,
736,98.75357293,,,,,,,,,,
735,98.6971831,,,,,,,,,,
734,98.71853055,,,,,,,,,,
733,98.69667602,,,,,,,,,,
732,98.58398456,,,,,,,,,,
731,98.57350168,,,,,,,,,,
730,98.50114225,,,,,,,,,,
729,98.44280467,,,,,,,,,,
728,98.41412595,,,,,,,,,,
727,98.36805726,,,,,,,,,,
726,98.3567874,,,,,,,,,,
725,98.3853749,,,,,,,,,,
724,98.3561204,,,,,,,,,,
723,98.35806765,,,,,,,,,,
722,98.35006376,,,,,,,,,,
721,98.32749754,,,,,,,,,,
720,98.35622204,,,,,,,,,,
719,98.29260968,,,,,,,,,,
718,98.30571142,,,,,,,,,,
717,98.29221626,,,,,,,,,,
716,98.25604988,,,,,,,,,,
715,98.25992667,,,,,,,,,,
714,98.28158136,,,,,,,,,,
713,98.33184736,,,,,,,,,,
712,98.36595624,,,,,,,,,,
711,98.39443251,,,,,,,,,,
710,98.42990061,,,,,,,,,,
709,98.47385039,,,,,,,,,,
708,98.50387842,,,,,,,,,,
707,98.50246424,,,,,,,,,,
706,98.46661797,,,,,,,,,,
705,98.44472151,,,,,,,,,,
704,98.38356715,,,,,,,,,,
703,98.28420308,,,,,,,,,,
702,98.26957858,,,,,,,,,,
701,98.20870711,,,,,,,,,,
700,98.16477444,,,,,,,,,,
699,98.17517031,,,,,,,,,,
698,98.15138072,,,,,,,,,,
697,98.16892057,,,,,,,,,,
696,98.19074193,,,,,,,,,,
695,98.22005279,,,,,,,,,,
694,98.26867613,,,,,,,,,,
693,98.24216453,,,,,,,,,,
692,98.26436505,,,,,,,,,,
691,98.24116657,,,,,,,,,,
690,98.22953621,,,,,,,,,,
689,98.2608327,,,,,,,,,,
688,98.28211775,,,,,,,,,,
687,98.28076223,,,,,,,,,,
686,98.34558703,,,,,,,,,,
685,98.34312654,,,,,,,,,,
684,98.39867333,,,,,,,,,,
683,98.42454814,,,,,,,,,,
682,98.42684449,,,,,,,,,,
681,98.4263742,,,,,,,,,,
680,98.40308045,,,,,,,,,,
679,98.40986432,,,,,,,,,,
678,98.3139311,,,,,,,,,,
677,98.26117284,,,,,,,,,,
676,98.24586212,,,,,,,,,,
675,98.2179112,,,,,,,,,,
674,98.18403012,,,,,,,,,,
673,98.18106341,,,,,,,,,,
672,98.23805143,,,,,,,,,,
671,98.29776639,,,,,,,,,,
670,98.32262965,,,,,,,,,,
669,98.37490164,,,,,,,,,,
668,98.41146637,,,,,,,,,,
667,98.4484444,,,,,,,,,,
666,98.4665135,,,,,,,,,,
665,98.41031969,,,,,,,,,,
664,98.44046198,,,,,,,,,,
663,98.41699207,,,,,,,,,,
662,98.37738947,,,,,,,,,,
661,98.41409537,,,,,,,,,,
660,98.41840559,,,,,,,,,,
659,98.46353628,,,,,,,,,,
658,98.42737701,,,,,,,,,,
657,98.44860976,,,,,,,,,,
656,98.44479415,,,,,,,,,,
655,98.45203666,,,,,,,,,,
654,98.45126081,,,,,,,,,,
653,98.45717757,,,,,,,,,,
652,98.47036008,,,,,,,,,,
651,98.48749308,,,,,,,,,,
650,98.52465164,,,,,,,,,,
649,98.58268967,,,,,,,,,,
648,98.69075186,,,,,,,,,,
647,98.73101863,,,,,,,,,,
646,98.77532756,,,,,,,,,,
645,98.83841313,,,,,,,,,,
644,98.81875837,,,,,,,,,,
643,98.78684007,,,,,,,,,,
642,98.71781833,,,,,,,,,,
641,98.65915167,,,,,,,,,,
640,98.59525638,,,,,,,,,,
639,98.54454805,,,,,,,,,,
638,98.50975715,,,,,,,,,,
637,98.50490694,,,,,,,,,,
636,98.51248807,,,,,,,,,,
635,98.53521493,,,,,,,,,,
634,98.55329797,,,,,,,,,,
633,98.60873157,,,,,,,,,,
632,98.63661141,,,,,,,,,,
631,98.65216009,,,,,,,,,,
630,98.68501438,,,,,,,,,,
629,98.73693747,,,,,,,,,,
628,98.7620633,,,,,,,,,,
627,98.80735925,,,,,,,,,,
626,98.84192289,,,,,,,,,,
625,98.89478386,,,,,,,,,,
624,98.85529106,,,,,,,,,,
623,98.84715176,,,,,,,,,,
622,98.77576496,,,,,,,,,,
621,98.71732109,,,,,,,,,,
620,98.67531761,,,,,,,,,,
619,98.60919693,,,,,,,,,,
618,98.59358962,,,,,,,,,,
617,98.6106793,,,,,,,,,,
616,98.62839886,,,,,,,,,,
615,98.66744255,,,,,,,,,,
614,98.67258518,,,,,,,,,,
613,98.62309858,,,,,,,,,,
612,98.55449909,,,,,,,,,,
611,98.49816474,,,,,,,,,,
610,98.41736226,,,,,,,,,,
609,98.41953822,,,,,,,,,,
608,98.45369795,,,,,,,,,,
607,98.48854364,,,,,,,,,,
606,98.59536337,,,,,,,,,,
605,98.70056298,,,,,,,,,,
604,98.75386323,,,,,,,,,,
603,98.73011749,,,,,,,,,,
602,98.65961841,,,,,,,,,,
601,98.52216888,,,,,,,,,,
600,98.41827788,,,,,,,,,,
599,98.31196934,,,,,,,,,,
598,98.25154567,,,,,,,,,,
597,98.23188812,,,,,,,,,,
596,98.21708907,,,,,,,,,,
595,98.24581817,,,,,,,,,,
594,98.23924695,,,,,,,,,,
593,98.18203829,,,,,,,,,,
592,98.15637167,,,,,,,,,,
591,98.13846645,,,,,,,,,,
590,98.14678597,,,,,,,,,,
589,98.17905476,,,,,,,,,,
588,98.21904418,,,,,,,,,,
587,98.20908381,,,,,,,,,,
586,98.12483947,,,,,,,,,,
585,97.96604793,,,,,,,,,,
584,97.81961663,,,,,,,,,,
583,97.67929655,,,,,,,,,,
582,97.56665102,,,,,,,,,,
581,97.52665918,,,,,,,,,,
580,97.57142955,,,,,,,,,,
579,97.58190873,,,,,,,,,,
578,97.50964725,,,,,,,,,,
577,97.3422022,,,,,,,,,,
576,97.14516297,,,,,,,,,,
575,96.92711631,,,,,,,,,,
574,96.77121865,,,,,,,,,,
573,96.69190404,,,,,,,,,,
572,96.62055863,,,,,,,,,,
571,96.56815321,,,,,,,,,,
570,96.35945912,,,,,,,,,,
569,96.04211816,,,,,,,,,,
568,95.63679492,,,,,,,,,,
567,95.18551834,,,,,,,,,,
566,94.81155356,,,,,,,,,,
565,94.35286195,,,,,,,,,,
564,93.79231238,,,,,,,,,,
563,92.97118144,,,,,,,,,,
562,91.93334066,,,,,,,,,,
561,90.51495852,,,,,,,,,,
560,88.80181109,,,,,,,,,,
559,86.73431716,,,,,,,,,,
558,84.10020042,,,,,,,,,,
557,80.73918587,,,,,,,,,,
556,76.62928176,,,,,,,,,,
555,71.97898722,,,,,,,,,,
554,67.08233895,,,,,,,,,,
553,62.40603154,,,,,,,,,,
552,58.411557,,,,,,,,,,
551,55.21793092,,,,,,,,,,
550,52.89215353,,,,,,,,,,
549,51.17427573,,,,,,,,,,
548,49.87926818,,,,,,,,,,
547,48.54524557,,,,,,,,,,
546,46.63639447,,,,,,,,,,
545,43.57351214,,,,,,,,,,
544,39.1040809,,,,,,,,,,
543,33.51096163,,,,,,,,,,
542,27.03800046,,,,,,,,,,
541,20.43962784,,,,,,,,,,
540,14.44086475,,,,,,,,,,
539,9.624633219,,,,,,,,,,
538,6.192057414,,,,,,,,,,
537,4.169793289,,,,,,,,,,
536,3.197702307,,,,,,,,,,
535,2.774731715,,,,,,,,,,
534,2.512639307,,,,,,,,,,
533,2.260719808,,,,,,,,,,
532,1.969858795,,,,,,,,,,
531,1.683996954,,,,,,,,,,
530,1.372393494,,,,,,,,,,
529,1.027960711,,,,,,,,,,
528,0.695037747,,,,,,,,,,
527,0.423834121,,,,,,,,,,
526,0.202706385,,,,,,,,,,
525,0.096444234,,,,,,,,,,
524,0.056112352,,,,,,,,,,
523,0.047651368,,,,,,,,,,
522,0.060014497,,,,,,,,,,
521,0.048818446,,,,,,,,,,
520,0.041435625,,,,,,,,,,
519,0.040495524,,,,,,,,,,
518,0.065395607,,,,,,,,,,
517,0.085590285,,,,,,,,,,
516,0.120889636,,,,,,,,,,
515,0.192453852,,,,,,,,,,
514,0.269319324,,,,,,,,,,
513,0.348140498,,,,,,,,,,
512,0.380334226,,,,,,,,,,
511,0.334207358,,,,,,,,,,
510,0.278759278,,,,,,,,,,
509,0.167906762,,,,,,,,,,
508,0.102817255,,,,,,,,,,
507,0.058907979,,,,,,,,,,
506,0.047268055,,,,,,,,,,
505,0.050609359,,,,,,,,,,
504,0.051278509,,,,,,,,,,
503,0.055169874,,,,,,,,,,
502,0.051375908,,,,,,,,,,
501,0.04599096,,,,,,,,,,
500,0.041809424,,,,,,,,,,
499,0.026785437,,,,,,,,,,
498,0.036300482,,,,,,,,,,
497,0.014289296,,,,,,,,,,
496,0.029196552,,,,,,,,,,
495,0.049715102,,,,,,,,,,
494,0.040581557,,,,,,,,,,
493,0.034014352,,,,,,,,,,
492,0.039538626,,,,,,,,,,
491,0.070130728,,,,,,,,,,
490,0.038279409,,,,,,,,,,
489,0.023320879,,,,,,,,,,
488,0.040613417,,,,,,,,,,
487,0.054899929,,,,,,,,,,
486,0.044175009,,,,,,,,,,
485,0.03601808,,,,,,,,,,
484,0.021342463,,,,,,,,,,
483,0.025957121,,,,,,,,,,
482,0.024540045,,,,,,,,,,
481,0.037999893,,,,,,,,,,
480,0.048339764,,,,,,,,,,
479,0.027909757,,,,,,,,,,
478,0.050015315,,,,,,,,,,
477,0.008890634,,,,,,,,,,
476,0.047576616,,,,,,,,,,
475,0.013923665,,,,,,,,,,
474,0.023096918,,,,,,,,,,
473,0.050485382,,,,,,,,,,
472,0.04759616,,,,,,,,,,
471,0.027774075,,,,,,,,,,
470,0.051854174,,,,,,,,,,
469,0.049218013,,,,,,,,,,
468,0.040670048,,,,,,,,,,
467,0.013620649,,,,,,,,,,
466,0.011753086,,,,,,,,,,
465,0.017939361,,,,,,,,,,
464,0.042246572,,,,,,,,,,
463,0.020261007,,,,,,,,,,
462,0.06072332,,,,,,,,,,
461,0.039034807,,,,,,,,,,
460,0.07085797,,,,,,,,,,
459,0.047323255,,,,,,,,,,
458,0.046771559,,,,,,,,,,
457,0.031782799,,,,,,,,,,
456,0.070492514,,,,,,,,,,
455,0.076032322,,,,,,,,,,
454,0.076436614,,,,,,,,,,
453,0.079335211,,,,,,,,,,
452,0.053939571,,,,,,,,,,
451,0.034795276,,,,,,,,,,
450,0.027286333,,,,,,,,,,
449,0.048761328,,,,,,,,,,
448,0.046785437,,,,,,,,,,
447,0.083525676,,,,,,,,,,
446,0.017790622,,,,,,,,,,
445,0.068379824,,,,,,,,,,
444,0.041996894,,,,,,,,,,
443,0.027396102,,,,,,,,,,
442,0.068064561,,,,,,,,,,
441,0.119466214,,,,,,,,,,
440,0.037073374,,,,,,,,,,
439,0.022167742,,,,,,,,,,
438,0.079614967,,,,,,,,,,
437,0.083783357,,,,,,,,,,
436,0.081822481,,,,,,,,,,
435,0.062720221,,,,,,,,,,
434,0.064375646,,,,,,,,,,
433,0.071637303,,,,,,,,,,
432,0.062517841,,,,,,,,,,
431,0.152748004,,,,,,,,,,
430,0.099289302,,,,,,,,,,
429,0.056520563,,,,,,,,,,
428,0.120876876,,,,,,,,,,
427,0.060516123,,,,,,,,,,
426,0.103120445,,,,,,,,,,
425,0.080675865,,,,,,,,,,
424,0.085641481,,,,,,,,,,
423,0.062358544,,,,,,,,,,
422,0.125990938,,,,,,,,,,
421,0.178917643,,,,,,,,,,
420,0.097510951,,,,,,,,,,
419,0.11410581,,,,,,,,,,
418,0.184843503,,,,,,,,,,
417,0.121315328,,,,,,,,,,
416,0.133128999,,,,,,,,,,
415,0.245662572,,,,,,,,,,
414,0.244809103,,,,,,,,,,
413,0.08874114,,,,,,,,,,
412,0.192094495,,,,,,,,,,
411,0.259632157,,,,,,,,,,
410,0.027408862,,,,,,,,,,
409,0.048197808,,,,,,,,,,
408,0.152469032,,,,,,,,,,
407,0.254211065,,,,,,,,,,
406,0.09254347,,,,,,,,,,
405,0.130393751,,,,,,,,,,
404,0.145033013,,,,,,,,,,
403,0.110797354,,,,,,,,,,
402,0.139126438,,,,,,,,,,
401,0.139401201,,,,,,,,,,
400,0.140434521,,,,,,,,,,
399,0.039707887,,,,,,,,,,
398,0.062988639,,,,,,,,,,
397,0.211845737,,,,,,,,,,
396,0.200687883,,,,,,,,,,
395,0.099262154,,,,,,,,,,
394,0.244412706,,,,,,,,,,
393,0.185023464,,,,,,,,,,
392,0.360895729,,,,,,,,,,
391,0.419530399,,,,,,,,,,
390,0.394844739,,,,,,,,,,
389,0.499155292,,,,,,,,,,
388,0.494706599,,,,,,,,,,
387,0.414867099,,,,,,,,,,
386,0.548658662,,,,,,,,,,
385,0.537227648,,,,,,,,,,
384,0.654893938,,,,,,,,,,
383,0.829032843,,,,,,,,,,
382,1.351044075,,,,,,,,,,
381,2.51386511,,,,,,,,,,
380,4.45094844,,,,,,,,,,
379,7.363104119,,,,,,,,,,
378,10.97359037,,,,,,,,,,
377,14.95937926,,,,,,,,,,
376,17.88419328,,,,,,,,,,
375,20.44079839,,,,,,,,,,
374,21.05503429,,,,,,,,,,
373,20.82266963,,,,,,,,,,
372,19.97484558,,,,,,,,,,
371,19.43183334,,,,,,,,,,
370,20.10560769,,,,,,,,,,
369,21.99031334,,,,,,,,,,
368,24.91591049,,,,,,,,,,
367,28.89078455,,,,,,,,,,
366,31.83280799,,,,,,,,,,
365,34.39715814,,,,,,,,,,
364,36.71664578,,,,,,,,,,
363,37.74709814,,,,,,,,,,
362,38.68084871,,,,,,,,,,
361,39.00555649,,,,,,,,,,
360,38.58555383,,,,,,,,,,
359,37.73276461,,,,,,,,,,
358,35.04491317,,,,,,,,,,
357,32.51956568,,,,,,,,,,
356,30.89563067,,,,,,,,,,
355,30.63566145,,,,,,,,,,
354,31.11400417,,,,,,,,,,
353,31.65472553,,,,,,,,,,
352,30.84344152,,,,,,,,,,
351,29.09462411,,,,,,,,,,
350,28.98789416,,,,,,,,,,
349,29.02035323,,,,,,,,,,
348,28.79401564,,,,,,,,,,
347,27.94232393,,,,,,,,,,
346,27.1287519,,,,,,,,,,
345,27.03879148,,,,,,,,,,
344,25.95573635,,,,,,,,,,
343,26.07228072,,,,,,,,,,
342,24.27402157,,,,,,,,,,
341,25.18260904,,,,,,,,,,
340,23.60744857,,,,,,,,,,
339,23.47862998,,,,,,,,,,
338,19.85194393,,,,,,,,,,
337,17.80466679,,,,,,,,,,
336,15.67573213,,,,,,,,,,
335,14.39414602,,,,,,,,,,
334,14.30111873,,,,,,,,,,
333,14.39224285,,,,,,,,,,
332,16.84984241,,,,,,,,,,
331,18.94408355,,,,,,,,,,
330,20.33088872,,,,,,,,,,
329,22.70021436,,,,,,,,,,
328,23.06778787,,,,,,,,,,
327,24.54363935,,,,,,,,,,
326,22.91843666,,,,,,,,,,
325,23.2853185,,,,,,,,,,
324,23.20976813,,,,,,,,,,
323,23.55586656,,,,,,,,,,
322,24.88885066,,,,,,,,,,
321,24.01610053,,,,,,,,,,
320,24.06615852,,,,,,,,,,
319,23.63391259,,,,,,,,,,
318,19.99945346,,,,,,,,,,
317,17.58532364,,,,,,,,,,
316,13.97410042,,,,,,,,,,
315,10.79523496,,,,,,,,,,
314,8.697575659,,,,,,,,,,
313,6.718836125,,,,,,,,,,
312,4.462907835,,,,,,,,,,
311,3.114059535,,,,,,,,,,
310,2.109742017,,,,,,,,,,
309,0.947891956,,,,,,,,,,
308,0.722001327,,,,,,,,,,
307,2.260843161,,,,,,,,,,
306,2.330798748,,,,,,,,,,
305,1.436590458,,,,,,,,,,
304,0.620670848,,,,,,,,,,
303,0.875144758,,,,,,,,,,
302,2.980983678,,,,,,,,,,
301,1.706660801,,,,,,,,,,
300,0.636929522,,,,,,,,,,
299,1.558828407,,,,,,,,,,
298,0.899252261,,,,,,,,,,
297,1.257278214,,,,,,,,,,
296,2.547502057,,,,,,,,,,
295,0.188376846,,,,,,,,,,
294,1.216028612,,,,,,,,,,
293,1.950037808,,,,,,,,,,
292,1.599607592,,,,,,,,,,
291,0.88202295,,,,,,,,,,
290,1.663943624,,,,,,,,,,
289,0.194091278,,,,,,,,,,
288,1.234751274,,,,,,,,,,
287,1.638149878,,,,,,,,,,
286,1.535032503,,,,,,,,,,
285,1.808948039,,,,,,,,,,
284,1.220108778,,,,,,,,,,
283,1.946661524,,,,,,,,,,
282,2.744092067,,,,,,,,,,
281,1.556063018,,,,,,,,,,
280,1.254643727,,,,,,,,,,
279,1.197416557,,,,,,,,,,
278,1.791020608,,,,,,,,,,
277,1.980939608,,,,,,,,,,
276,2.196334183,,,,,,,,,,
275,0.994197539,,,,,,,,,,
274,1.485961526,,,,,,,,,,
273,1.619566806,,,,,,,,,,
272,1.23809063,,,,,,,,,,
271,1.89435547,,,,,,,,,,
270,0.451043596,,,,,,,,,,
269,2.138965802,,,,,,,,,,
268,1.637673659,,,,,,,,,,
267,0.957651229,,,,,,,,,,
266,1.433044251,,,,,,,,,,
265,1.973696383,,,,,,,,,,
264,2.248577789,,,,,,,,,,
263,0.598149087,,,,,,,,,,
262,0.43802159,,,,,,,,,,
261,0.859548641,,,,,,,,,,
260,1.323447886,,,,,,,,,,
259,1.716271869,,,,,,,,,,
258,0.840326996,,,,,,,,,,
257,1.366446007,,,,,,,,,,
256,1.695944236,,,,,,,,,,
255,1.303444821,,,,,,,,,,
254,0.027753352,,,,,,,,,,
253,1.298601984,,,,,,,,,,
252,1.298511712,,,,,,,,,,
251,1.166639529,,,,,,,,,,
250,1.210128424,,,,,,,,,,
