Wavelength (nm),Transmission (%)
2600,66.43449
2599,66.42083
2598,66.41064
2597,66.37012
2596,66.27193
2595,66.17944
2594,66.07911
2593,65.98282
2592,65.84548
2591,65.76481
2590,65.65524
2589,65.60069
2588,65.57747
2587,65.48195
2586,65.34619
2585,65.19138
2584,65.07038
2583,64.91499
2582,64.85935
2581,64.76701
2580,64.73840
2579,64.68271
2578,64.63097
2577,64.62277
2576,64.59026
2575,64.59800
2574,64.60517
2573,64.63378
2572,64.67759
2571,64.77384
2570,64.85728
2569,65.03341
2568,65.20691
2567,65.38915
2566,65.60035
2565,65.81040
2564,66.02795
2563,66.28965
2562,66.57496
2561,66.82642
2560,67.06214
2559,67.32784
2558,67.62232
2557,67.91050
2556,68.23605
2555,68.53009
2554,68.85215
2553,69.22650
2552,69.62978
2551,70.06422
2550,70.53543
2549,70.99677
2548,71.45991
2547,71.88583
2546,72.27922
2545,72.67491
2544,73.07135
2543,73.42847
2542,73.76227
2541,74.04877
2540,74.32115
2539,74.55771
2538,74.79804
2537,75.01666
2536,75.23210
2535,75.43487
2534,75.58603
2533,75.68048
2532,75.81576
2531,75.97222
2530,76.04007
2529,76.06755
2528,76.11435
2527,76.12337
2526,76.09289
2525,76.09284
2524,76.08898
2523,76.06179
2522,75.99910
2521,75.88380
2520,75.78196
2519,75.69292
2518,75.58123
2517,75.49972
2516,75.42179
2515,75.31455
2514,75.21481
2513,75.15238
2512,75.09136
2511,75.05183
2510,75.00571
2509,74.96173
2508,74.93947
2507,74.93823
2506,74.95329
2505,75.00433
2504,75.05894
2503,75.13164
2502,75.20030
2501,75.28326
2500,75.40346
2499,75.56212
2498,75.75950
2497,75.94734
2496,76.16541
2495,76.36899
2494,76.57424
2493,76.78982
2492,77.04965
2491,77.32051
2490,77.62462
2489,77.93641
2488,78.25012
2487,78.53727
2486,78.80453
2485,79.11542
2484,79.48564
2483,79.81824
2482,80.13193
2481,80.44436
2480,80.75822
2479,81.05471
2478,81.35511
2477,81.63705
2476,81.92966
2475,82.20287
2474,82.47757
2473,82.71852
2472,82.94217
2471,83.15134
2470,83.36677
2469,83.61189
2468,83.81330
2467,83.93817
2466,84.03527
2465,84.14858
2464,84.26358
2463,84.37010
2462,84.46462
2461,84.51796
2460,84.53871
2459,84.56884
2458,84.61608
2457,84.63572
2456,84.66115
2455,84.65819
2454,84.64458
2453,84.63974
2452,84.62749
2451,84.61336
2450,84.59197
2449,84.58689
2448,84.60313
2447,84.59921
2446,84.56038
2445,84.52886
2444,84.51702
2443,84.51646
2442,84.50872
2441,84.49103
2440,84.46817
2439,84.42978
2438,84.38886
2437,84.36005
2436,84.34912
2435,84.35370
2434,84.35767
2433,84.34331
2432,84.29622
2431,84.26121
2430,84.23416
2429,84.19560
2428,84.14782
2427,84.09878
2426,84.05391
2425,84.01253
2424,83.95343
2423,83.88040
2422,83.81668
2421,83.74020
2420,83.64361
2419,83.56527
2418,83.49774
2417,83.42881
2416,83.37310
2415,83.31027
2414,83.21989
2413,83.13345
2412,83.03940
2411,82.94099
2410,82.87771
2409,82.84651
2408,82.80432
2407,82.77379
2406,82.74965
2405,82.70862
2404,82.69961
2403,82.71445
2402,82.73751
2401,82.77137
2400,82.81583
2399,82.87928
2398,82.94791
2397,83.02607
2396,83.11523
2395,83.21708
2394,83.33797
2393,83.47792
2392,83.61478
2391,83.74819
2390,83.88070
2389,84.02276
2388,84.16732
2387,84.32900
2386,84.49791
2385,84.63790
2384,84.74993
2383,84.83332
2382,84.91278
2381,85.00117
2380,85.06230
2379,85.10258
2378,85.12070
2377,85.10756
2376,85.04640
2375,84.94078
2374,84.82316
2373,84.70197
2372,84.56306
2371,84.37745
2370,84.12990
2369,83.84557
2368,83.53228
2367,83.19262
2366,82.85484
2365,82.49232
2364,82.08684
2363,81.67262
2362,81.25551
2361,80.80247
2360,80.33346
2359,79.85160
2358,79.37335
2357,78.89705
2356,78.41587
2355,77.97497
2354,77.52195
2353,77.07844
2352,76.65787
2351,76.26491
2350,75.89174
2349,75.54644
2348,75.24267
2347,74.99348
2346,74.76540
2345,74.55725
2344,74.38706
2343,74.24444
2342,74.13535
2341,74.06267
2340,74.05325
2339,74.08485
2338,74.15329
2337,74.24160
2336,74.35900
2335,74.49564
2334,74.66710
2333,74.88187
2332,75.15401
2331,75.42409
2330,75.69559
2329,75.98294
2328,76.29546
2327,76.61754
2326,76.93487
2325,77.26422
2324,77.59604
2323,77.92624
2322,78.23139
2321,78.49754
2320,78.74315
2319,78.97541
2318,79.18164
2317,79.33851
2316,79.47423
2315,79.55880
2314,79.58079
2313,79.55116
2312,79.48349
2311,79.36525
2310,79.23183
2309,79.04916
2308,78.80732
2307,78.51072
2306,78.17771
2305,77.79150
2304,77.40737
2303,77.00493
2302,76.57679
2301,76.12719
2300,75.67830
2299,75.24361
2298,74.79391
2297,74.32621
2296,73.90343
2295,73.49401
2294,73.10297
2293,72.69795
2292,72.37822
2291,72.06066
2290,71.78513
2289,71.52050
2288,71.27509
2287,71.06702
2286,70.89382
2285,70.76951
2284,70.67626
2283,70.62264
2282,70.60726
2281,70.61851
2280,70.65550
2279,70.72081
2278,70.81129
2277,70.92615
2276,71.06153
2275,71.22038
2274,71.37912
2273,71.54582
2272,71.73330
2271,71.91246
2270,72.05214
2269,72.19977
2268,72.29028
2267,72.36783
2266,72.43589
2265,72.45818
2264,72.43914
2263,72.36328
2262,72.28428
2261,72.15712
2260,71.98073
2259,71.75618
2258,71.46969
2257,71.14061
2256,70.78386
2255,70.39578
2254,69.97638
2253,69.53983
2252,69.06382
2251,68.56801
2250,68.10084
2249,67.61339
2248,67.12640
2247,66.64883
2246,66.14502
2245,65.66409
2244,65.19316
2243,64.76933
2242,64.31730
2241,63.98785
2240,63.65980
2239,63.35102
2238,63.03545
2237,62.77858
2236,62.56906
2235,62.38754
2234,62.22644
2233,62.11684
2232,62.08494
2231,62.05503
2230,62.02142
2229,62.00082
2228,62.04022
2227,62.09642
2226,62.17630
2225,62.24070
2224,62.33627
2223,62.42034
2222,62.50310
2221,62.61591
2220,62.72716
2219,62.81951
2218,62.91917
2217,63.00153
2216,63.15285
2215,63.21006
2214,63.27720
2213,63.34972
2212,63.41316
2211,63.50994
2210,63.59211
2209,63.66914
2208,63.81438
2207,63.91784
2206,64.04701
2205,64.20607
2204,64.37936
2203,64.54716
2202,64.71681
2201,64.88957
2200,65.02763
2199,65.17156
2198,65.28324
2197,65.40133
2196,65.48149
2195,65.52052
2194,65.53780
2193,65.58420
2192,65.62059
2191,65.59518
2190,65.56430
2189,65.54460
2188,65.53011
2187,65.57391
2186,65.64697
2185,65.71285
2184,65.75763
2183,65.85136
2182,66.03599
2181,66.20171
2180,66.36370
2179,66.59007
2178,66.86507
2177,67.11003
2176,67.37924
2175,67.65316
2174,67.97450
2173,68.31678
2172,68.63205
2171,68.91297
2170,69.19852
2169,69.46844
2168,69.71784
2167,69.96721
2166,70.13584
2165,70.28453
2164,70.38481
2163,70.43207
2162,70.46787
2161,70.45267
2160,70.37314
2159,70.25250
2158,70.07662
2157,69.86362
2156,69.64467
2155,69.35702
2154,69.04948
2153,68.74160
2152,68.47675
2151,68.19236
2150,67.86928
2149,67.57990
2148,67.32570
2147,67.09088
2146,66.90748
2145,66.73976
2144,66.61085
2143,66.55954
2142,66.56124
2141,66.58599
2140,66.69110
2139,66.85662
2138,67.09617
2137,67.38196
2136,67.71500
2135,68.09898
2134,68.55347
2133,69.09034
2132,69.63667
2131,70.23005
2130,70.83975
2129,71.48576
2128,72.18494
2127,72.84083
2126,73.52329
2125,74.19570
2124,74.86009
2123,75.49070
2122,76.01676
2121,76.49095
2120,76.88882
2119,77.21974
2118,77.41883
2117,77.49742
2116,77.48453
2115,77.32770
2114,77.06220
2113,76.69204
2112,76.18074
2111,75.57981
2110,74.92113
2109,74.18869
2108,73.36317
2107,72.51856
2106,71.65577
2105,70.77324
2104,69.94781
2103,69.08701
2102,68.28367
2101,67.51263
2100,66.81486
2099,66.17851
2098,65.60653
2097,65.07677
2096,64.66090
2095,64.33010
2094,64.07569
2093,63.88367
2092,63.80340
2091,63.83072
2090,63.94039
2089,64.13818
2088,64.39554
2087,64.75102
2086,65.21258
2085,65.77308
2084,66.34794
2083,67.01523
2082,67.73692
2081,68.50391
2080,69.34878
2079,70.16903
2078,70.99444
2077,71.81518
2076,72.63660
2075,73.43213
2074,74.16962
2073,74.78912
2072,75.32793
2071,75.76615
2070,76.09001
2069,76.29736
2068,76.36882
2067,76.30536
2066,76.12176
2065,75.83555
2064,75.46753
2063,75.01705
2062,74.46245
2061,73.86500
2060,73.19954
2059,72.54947
2058,71.91729
2057,71.25809
2056,70.62679
2055,70.00245
2054,69.44110
2053,68.96697
2052,68.52401
2051,68.15140
2050,67.89181
2049,67.69865
2048,67.56811
2047,67.52379
2046,67.58490
2045,67.75601
2044,67.99796
2043,68.32231
2042,68.71210
2041,69.21005
2040,69.79352
2039,70.40045
2038,71.07267
2037,71.79231
2036,72.54338
2035,73.28589
2034,74.02559
2033,74.72129
2032,75.36626
2031,76.00101
2030,76.54659
2029,76.96989
2028,77.27666
2027,77.48477
2026,77.57734
2025,77.54311
2024,77.36992
2023,77.09927
2022,76.76282
2021,76.30116
2020,75.74174
2019,75.14961
2018,74.50008
2017,73.85210
2016,73.23349
2015,72.59736
2014,71.94576
2013,71.33198
2012,70.80662
2011,70.33727
2010,69.90065
2009,69.52324
2008,69.22771
2007,68.99348
2006,68.84335
2005,68.78082
2004,68.78781
2003,68.86057
2002,69.01737
2001,69.25920
2000,69.53124
1999,69.83254
1998,70.18172
1997,70.51992
1996,70.87517
1995,71.21263
1994,71.47660
1993,71.67787
1992,71.80819
1991,71.81675
1990,71.73009
1989,71.51040
1988,71.16417
1987,70.68323
1986,70.05535
1985,69.31412
1984,68.46271
1983,67.50722
1982,66.49061
1981,65.41566
1980,64.29656
1979,63.17711
1978,62.08138
1977,60.99482
1976,59.94884
1975,58.95801
1974,58.01569
1973,57.12157
1972,56.31637
1971,55.62152
1970,55.02343
1969,54.50280
1968,54.09790
1967,53.82324
1966,53.65740
1965,53.58786
1964,53.61587
1963,53.79515
1962,54.08831
1961,54.50808
1960,55.06666
1959,55.68272
1958,56.43886
1957,57.36291
1956,58.34799
1955,59.39452
1954,60.49092
1953,61.66849
1952,62.96259
1951,64.16481
1950,65.41020
1949,66.57961
1948,67.75646
1947,68.81013
1946,69.76248
1945,70.56416
1944,71.23794
1943,71.77550
1942,72.15201
1941,72.30066
1940,72.27176
1939,72.12218
1938,71.83514
1937,71.47338
1936,71.02517
1935,70.51030
1934,69.90239
1933,69.29612
1932,68.64596
1931,68.06218
1930,67.45026
1929,66.86031
1928,66.33450
1927,65.87682
1926,65.50861
1925,65.23488
1924,65.07714
1923,64.99531
1922,64.96862
1921,65.01828
1920,65.14014
1919,65.40401
1918,65.78238
1917,66.24063
1916,66.73920
1915,67.26823
1914,67.89940
1913,68.51391
1912,69.19921
1911,69.90562
1910,70.59002
1909,71.24225
1908,71.90389
1907,72.57534
1906,73.28645
1905,73.91455
1904,74.44877
1903,74.98642
1902,75.50855
1901,76.01096
1900,76.55790
1899,77.03947
1898,77.46546
1897,78.01929
1896,78.47643
1895,78.94059
1894,79.53024
1893,80.09148
1892,80.67062
1891,81.30133
1890,81.90616
1889,82.56207
1888,83.26169
1887,83.92613
1886,84.54467
1885,85.19999
1884,85.78516
1883,86.34736
1882,86.70799
1881,87.01371
1880,87.21157
1879,87.22114
1878,87.02321
1877,86.60809
1876,86.06798
1875,85.21976
1874,84.22925
1873,83.01062
1872,81.55679
1871,80.18479
1870,78.61983
1869,77.03796
1868,75.53092
1867,74.10430
1866,72.82235
1865,71.66906
1864,70.58099
1863,69.59998
1862,68.71803
1861,67.83316
1860,67.09214
1859,66.54697
1858,66.24499
1857,66.17794
1856,66.25138
1855,66.49513
1854,66.98183
1853,67.57901
1852,68.36727
1851,69.25082
1850,70.19753
1849,71.58622
1848,73.19877
1847,74.99009
1846,76.67165
1845,78.01623
1844,79.57233
1843,81.24168
1842,82.92677
1841,84.54566
1840,85.85224
1839,86.98732
1838,87.68525
1837,88.20842
1836,88.39229
1835,88.28860
1834,87.96675
1833,87.34507
1832,86.44169
1831,85.34302
1830,84.06540
1829,82.67831
1828,81.44036
1827,80.11116
1826,78.80545
1825,77.79399
1824,76.92975
1823,76.30252
1822,75.68052
1821,75.13450
1820,74.77759
1819,74.71106
1818,74.88533
1817,75.20135
1816,75.76247
1815,76.46503
1814,77.22934
1813,78.18687
1812,79.30463
1811,80.48789
1810,81.77121
1809,83.06481
1808,84.24707
1807,85.38974
1806,86.53886
1805,87.52641
1804,88.37274
1803,88.99010
1802,89.38121
1801,89.47033
1800,89.26056
1799,88.94623
1798,88.37320
1797,87.71126
1796,86.82279
1795,85.85549
1794,84.83794
1793,83.82513
1792,82.82536
1791,81.92750
1790,81.11404
1789,80.45576
1788,79.92462
1787,79.54737
1786,79.30084
1785,79.21822
1784,79.29454
1783,79.54416
1782,79.90734
1781,80.44348
1780,81.05786
1779,81.67746
1778,82.43303
1777,83.11333
1776,83.82300
1775,84.46539
1774,84.99465
1773,85.42804
1772,85.74599
1771,85.91303
1770,85.94710
1769,85.75032
1768,85.39577
1767,84.85661
1766,84.17377
1765,83.38841
1764,82.51784
1763,81.60345
1762,80.68156
1761,79.76085
1760,78.86576
1759,78.04660
1758,77.31874
1757,76.71388
1756,76.20227
1755,75.86013
1754,75.66141
1753,75.61868
1752,75.74954
1751,75.99812
1750,76.36827
1749,76.88288
1748,77.48329
1747,78.18424
1746,78.94891
1745,79.76535
1744,80.60001
1743,81.41673
1742,82.21472
1741,82.93921
1740,83.61588
1739,84.17410
1738,84.64417
1737,85.01711
1736,85.28875
1735,85.46132
1734,85.57123
1733,85.61993
1732,85.61920
1731,85.58511
1730,85.53970
1729,85.51344
1728,85.51696
1727,85.51941
1726,85.60681
1725,85.72894
1724,85.95005
1723,86.23417
1722,86.57506
1721,86.96317
1720,87.43488
1719,87.96529
1718,88.48604
1717,88.99443
1716,89.50280
1715,89.99445
1714,90.40484
1713,90.72004
1712,90.96105
1711,91.08030
1710,91.14417
1709,91.10241
1708,90.95180
1707,90.74171
1706,90.47430
1705,90.17255
1704,89.85404
1703,89.56109
1702,89.29639
1701,89.08016
1700,88.91837
1699,88.83715
1698,88.81895
1697,88.84648
1696,88.93572
1695,89.08680
1694,89.30172
1693,89.54007
1692,89.78717
1691,90.01097
1690,90.15675
1689,90.24833
1688,90.25343
1687,90.12707
1686,89.86314
1685,89.46025
1684,88.91276
1683,88.23586
1682,87.43847
1681,86.52578
1680,85.56595
1679,84.59691
1678,83.59622
1677,82.64076
1676,81.75360
1675,80.99185
1674,80.36365
1673,79.88837
1672,79.59898
1671,79.49891
1670,79.59748
1669,79.87625
1668,80.34316
1667,80.98068
1666,81.76300
1665,82.67770
1664,83.69523
1663,84.73422
1662,85.77007
1661,86.75098
1660,87.62808
1659,88.36013
1658,88.89737
1657,89.19391
1656,89.25585
1655,89.07843
1654,88.66439
1653,88.03323
1652,87.23053
1651,86.29709
1650,85.25012
1649,84.17829
1648,83.15243
1647,82.16140
1646,81.29709
1645,80.61791
1644,80.08240
1643,79.72946
1642,79.60093
1641,79.72265
1640,80.10682
1639,80.73654
1638,81.59227
1637,82.62878
1636,83.83741
1635,85.18998
1634,86.60241
1633,88.05484
1632,89.47475
1631,90.74403
1630,91.81941
1629,92.64320
1628,93.18072
1627,93.43745
1626,93.39005
1625,93.04939
1624,92.46735
1623,91.73704
1622,90.86821
1621,89.89533
1620,88.94026
1619,88.03077
1618,87.21892
1617,86.54061
1616,86.02010
1615,85.66847
1614,85.51966
1613,85.54369
1612,85.75306
1611,86.11918
1610,86.61529
1609,87.21472
1608,87.84121
1607,88.50339
1606,89.15615
1605,89.70446
1604,90.13595
1603,90.40998
1602,90.45971
1601,90.30326
1600,89.95916
1599,89.41951
1598,88.72665
1597,87.94454
1596,87.09982
1595,86.23210
1594,85.45132
1593,84.75079
1592,84.17769
1591,83.78772
1590,83.60979
1589,83.61772
1588,83.77762
1587,84.13828
1586,84.65487
1585,85.28748
1584,85.99510
1583,86.67163
1582,87.28581
1581,87.80724
1580,88.16957
1579,88.32922
1578,88.25270
1577,87.96540
1576,87.43413
1575,86.68045
1574,85.77125
1573,84.74759
1572,83.64451
1571,82.52969
1570,81.47740
1569,80.52405
1568,79.71952
1567,79.07753
1566,78.64983
1565,78.46139
1564,78.53991
1563,78.80973
1562,79.30253
1561,80.00807
1560,80.84367
1559,81.84578
1558,82.84954
1557,83.77661
1556,84.59521
1555,85.17986
1554,85.51681
1553,85.55140
1552,85.26178
1551,84.61132
1550,83.74619
1549,82.60779
1548,81.30801
1547,79.92158
1546,78.56260
1545,77.31869
1544,76.23202
1543,75.34511
1542,74.69483
1541,74.30324
1540,74.24079
1539,74.47442
1538,74.98513
1537,75.76071
1536,76.79394
1535,78.06128
1534,79.45962
1533,80.99934
1532,82.59172
1531,84.09477
1530,85.52167
1529,86.72946
1528,87.68066
1527,88.32347
1526,88.60684
1525,88.55891
1524,88.18055
1523,87.56179
1522,86.74725
1521,85.85798
1520,84.95202
1519,84.03453
1518,83.30148
1517,82.71417
1516,82.31113
1515,82.11775
1514,82.14595
1513,82.35573
1512,82.70294
1511,83.14358
1510,83.71558
1509,84.27023
1508,84.77710
1507,85.21751
1506,85.44567
1505,85.49902
1504,85.39184
1503,85.14135
1502,84.69581
1501,84.19067
1500,83.61066
1499,83.05525
1498,82.49747
1497,82.00300
1496,81.60972
1495,81.33019
1494,81.19277
1493,81.15727
1492,81.19551
1491,81.35966
1490,81.50320
1489,81.63246
1488,81.71527
1487,81.64783
1486,81.42359
1485,80.95849
1484,80.39068
1483,79.62227
1482,78.68018
1481,77.58532
1480,76.47200
1479,75.33606
1478,74.39637
1477,73.52378
1476,72.85918
1475,72.43132
1474,72.30426
1473,72.40887
1472,72.77649
1471,73.36629
1470,74.15127
1469,75.06644
1468,75.99152
1467,76.93810
1466,77.64036
1465,78.11958
1464,78.25263
1463,78.01263
1462,77.46685
1461,76.48500
1460,75.21159
1459,73.72533
1458,72.07496
1457,70.66113
1456,69.18366
1455,67.87958
1454,66.82612
1453,66.04103
1452,65.57702
1451,65.47736
1450,65.66838
1449,66.19909
1448,67.04737
1447,68.24010
1446,69.58415
1445,71.08903
1444,72.54629
1443,73.97144
1442,75.27120
1441,76.34276
1440,77.02392
1439,77.31994
1438,77.18475
1437,76.67456
1436,75.91042
1435,75.00982
1434,74.06273
1433,73.14277
1432,72.38696
1431,71.77696
1430,71.42882
1429,71.32253
1428,71.44742
1427,71.77239
1426,72.22541
1425,72.77900
1424,73.34146
1423,73.82362
1422,74.12432
1421,74.26095
1420,74.16256
1419,73.78663
1418,73.20914
1417,72.57149
1416,71.87877
1415,71.11829
1414,70.32024
1413,69.58958
1412,69.07238
1411,68.77374
1410,68.59149
1409,68.51323
1408,68.44201
1407,68.43252
1406,68.38009
1405,68.21539
1404,67.80671
1403,67.17805
1402,66.42035
1401,65.22098
1400,63.58939
1399,61.77388
1398,60.28245
1397,58.95165
1396,57.38164
1395,55.82703
1394,54.76162
1393,54.05691
1392,53.71027
1391,53.65042
1390,53.91440
1389,54.43531
1388,55.10290
1387,55.72222
1386,56.14246
1385,56.54455
1384,56.66184
1383,56.22744
1382,55.30175
1381,53.88196
1380,52.41671
1379,50.88382
1378,49.27908
1377,47.77923
1376,46.34653
1375,45.13819
1374,44.16543
1373,43.54432
1372,43.25523
1371,43.27293
1370,43.59414
1369,44.26035
1368,45.35541
1367,46.68594
1366,48.08443
1365,49.75995
1364,51.25118
1363,52.44916
1362,53.43708
1361,53.80690
1360,53.61953
1359,52.97893
1358,52.06328
1357,51.12523
1356,50.00659
1355,48.81914
1354,47.71129
1353,47.04027
1352,46.75431
1351,46.88274
1350,47.39125
1349,48.14820
1348,49.14680
1347,50.38337
1346,51.74049
1345,53.04639
1344,54.10805
1343,54.86245
1342,55.26797
1341,55.28602
1340,54.94586
1339,54.34044
1338,53.57008
1337,52.79887
1336,52.14803
1335,51.61937
1334,51.33442
1333,51.33952
1332,51.64460
1331,52.23610
1330,53.07936
1329,54.06098
1328,55.07120
1327,56.04942
1326,56.82586
1325,57.30733
1324,57.39976
1323,57.11351
1322,56.46571
1321,55.57233
1320,54.56709
1319,53.59796
1318,52.82935
1317,52.26560
1316,51.98962
1315,52.04328
1314,52.39349
1313,53.01149
1312,53.80199
1311,54.63565
1310,55.31652
1309,55.72904
1308,55.77333
1307,55.38950
1306,54.58374
1305,53.39203
1304,52.00277
1303,50.55233
1302,49.16063
1301,47.97347
1300,47.05160
1299,46.46825
1298,46.23703
1297,46.32156
1296,46.71003
1295,47.34443
1294,48.15064
1293,49.02874
1292,49.82482
1291,50.43147
1290,50.75615
1289,50.72920
1288,50.33575
1287,49.61865
1286,48.66341
1285,47.55417
1284,46.47021
1283,45.56597
1282,44.86640
1281,44.46096
1280,44.36835
1279,44.57062
1278,45.06547
1277,45.80658
1276,46.70287
1275,47.62992
1274,48.53722
1273,49.39162
1272,50.03649
1271,50.47368
1270,50.68427
1269,50.67729
1268,50.52526
1267,50.33023
1266,50.18318
1265,50.10475
1264,50.08358
1263,50.13188
1262,50.24236
1261,50.39851
1260,50.54106
1259,50.62141
1258,50.61503
1257,50.49619
1256,50.28532
1255,49.99678
1254,49.65559
1253,49.31842
1252,49.04822
1251,48.86971
1250,48.77382
1249,48.77777
1248,48.87497
1247,49.02055
1246,49.14945
1245,49.19465
1244,49.08011
1243,48.78075
1242,48.29520
1241,47.61503
1240,46.83471
1239,46.04657
1238,45.32506
1237,44.73192
1236,44.30815
1235,44.11230
1234,44.17051
1233,44.42975
1232,44.83654
1231,45.32184
1230,45.77946
1229,46.10323
1228,46.20358
1227,46.04851
1226,45.64427
1225,45.03351
1224,44.30297
1223,43.58540
1222,42.92891
1221,42.40967
1220,42.10888
1219,42.06524
1218,42.25447
1217,42.65647
1216,43.27891
1215,43.99408
1214,44.72189
1213,45.38233
1212,45.90453
1211,46.23624
1210,46.34191
1209,46.23631
1208,45.98478
1207,45.64924
1206,45.31251
1205,45.01658
1204,44.82644
1203,44.74868
1202,44.76553
1201,44.88377
1200,45.05660
1199,45.21454
1198,45.29111
1197,45.30072
1196,45.25829
1195,45.17468
1194,45.05784
1193,44.95422
1192,44.88555
1191,44.86732
1190,44.90061
1189,44.94891
1188,44.97734
1187,44.92317
1186,44.74158
1185,44.43122
1184,43.99301
1183,43.46081
1182,42.88749
1181,42.34467
1180,41.90799
1179,41.62732
1178,41.54014
1177,41.62089
1176,41.85599
1175,42.18148
1174,42.54274
1173,42.81092
1172,42.91056
1171,42.79568
1170,42.44519
1169,41.87744
1168,41.17434
1167,40.44224
1166,39.69328
1165,39.15984
1164,38.87285
1163,38.84761
1162,39.06173
1161,39.46657
1160,40.00997
1159,40.56449
1158,41.05488
1157,41.37122
1156,41.46473
1155,41.37081
1154,41.10473
1153,40.77985
1152,40.45295
1151,40.25440
1150,40.23776
1149,40.38788
1148,40.69132
1147,41.09617
1146,41.53462
1145,41.90456
1144,42.21387
1143,42.40770
1142,42.53566
1141,42.61727
1140,42.67881
1139,42.76856
1138,42.89921
1137,43.10570
1136,43.32868
1135,43.45243
1134,43.38529
1133,43.16993
1132,42.77514
1131,42.24632
1130,41.61231
1129,40.88859
1128,40.32600
1127,40.00782
1126,40.00120
1125,40.29613
1124,40.83315
1123,41.55012
1122,42.26061
1121,42.67678
1120,42.62454
1119,42.01310
1118,40.91548
1117,39.43820
1116,37.86848
1115,36.50835
1114,35.50737
1113,34.98091
1112,34.95729
1111,35.43469
1110,36.31026
1109,37.42970
1108,38.62223
1107,39.58403
1106,40.11906
1105,40.23204
1104,39.94259
1103,39.38770
1102,38.79903
1101,38.38734
1100,38.28132
1099,38.53744
1098,39.16209
1097,40.06826
1096,41.12578
1095,42.16771
1094,43.09502
1093,43.70484
1092,44.02673
1091,44.07370
1090,43.94806
1089,43.88347
1088,43.93562
1087,44.11367
1086,44.39235
1085,44.63893
1084,44.71560
1083,44.39657
1082,43.75524
1081,42.77554
1080,41.58790
1079,40.43114
1078,39.43802
1077,38.73722
1076,38.27494
1075,38.09866
1074,38.04182
1073,37.91878
1072,37.63804
1071,37.12793
1070,36.47396
1069,35.82186
1068,35.22833
1067,34.97922
1066,35.07862
1065,35.49334
1064,36.08165
1063,36.63910
1062,36.83605
1061,36.54714
1060,35.67139
1059,34.25384
1058,32.88073
1057,31.58487
1056,30.68407
1055,30.35676
1054,30.68839
1053,31.71031
1052,33.31083
1051,35.34629
1050,37.32350
1049,38.65523
1048,39.20270
1047,38.76816
1046,37.69720
1045,36.30445
1044,35.32634
1043,34.95764
1042,35.50894
1041,36.95202
1040,39.24328
1039,42.06503
1038,44.52635
1037,46.33591
1036,46.98889
1035,46.58077
1034,45.58434
1033,44.75912
1032,44.46408
1031,44.98142
1030,46.22844
1029,47.89129
1028,49.29518
1027,50.02870
1026,49.71699
1025,48.51416
1024,46.94973
1023,45.53418
1022,44.84853
1021,45.00578
1020,45.97026
1019,47.36714
1018,48.60721
1017,49.04070
1016,48.39566
1015,46.68213
1014,44.27997
1013,41.94386
1012,40.16415
1011,39.39478
1010,39.61994
1009,40.77045
1008,42.60537
1007,44.49525
1006,45.80361
1005,46.23393
1004,45.67263
1003,44.49105
1002,43.40909
1001,42.97409
1000,43.57213
999,45.26910
998,47.77981
997,50.41468
996,52.63578
995,53.72697
994,53.60708
993,52.70209
992,51.68656
991,51.15988
990,51.40905
989,52.29336
988,53.38471
987,54.02248
986,53.75745
985,52.60784
984,50.99596
983,49.36899
982,48.24027
981,47.90615
980,48.18013
979,48.67657
978,48.88501
977,48.39044
976,47.08909
975,45.22652
974,43.21880
973,41.88026
972,41.27075
971,41.49469
970,42.41784
969,43.59549
968,44.45171
967,44.53667
966,43.78938
965,42.61102
964,41.48859
963,40.98738
962,41.47529
961,43.03808
960,45.38412
959,47.74492
958,49.79827
957,51.03174
956,51.44687
955,51.70838
954,52.43410
953,53.97862
952,56.29570
951,58.85480
950,60.62930
949,61.20007
948,60.53957
947,59.39905
946,58.67081
945,59.12327
944,60.69479
943,62.65795
942,64.00999
941,63.60600
940,61.20994
939,57.73899
938,54.31247
937,51.71551
936,50.66820
935,50.67298
934,50.69662
933,49.65555
932,47.01800
931,43.02887
930,38.49384
929,34.68695
928,32.18435
927,31.68122
926,33.15252
925,36.10988
924,39.51371
923,41.70573
922,41.97367
921,40.34068
920,37.64102
919,35.35430
918,34.72675
917,36.27127
916,39.67262
915,44.09966
914,48.28126
913,50.52718
912,50.80737
911,49.78020
910,48.75458
909,49.16749
908,51.64806
907,56.17710
906,62.00867
905,67.45850
904,71.53038
903,73.70493
902,74.02040
901,73.00755
900,71.31126
899,69.69204
898,68.68716
897,68.61187
896,69.59078
895,71.32355
894,72.94858
893,73.58310
892,72.48522
891,69.43413
890,65.05119
889,60.31738
888,56.50810
887,54.89444
886,55.48944
885,57.43534
884,59.54786
883,60.57587
882,59.71450
881,57.38849
880,54.86714
879,53.57545
878,54.27630
877,56.92823
876,60.76812
875,64.86841
874,68.26163
873,70.53088
872,72.09016
871,73.33790
870,74.38891
869,75.20349
868,75.71500
867,75.71793
866,75.13030
865,74.21407
864,73.16290
863,71.95511
862,70.55500
861,68.82483
860,73.93635
859,77.67184
858,70.51227
857,59.26244
856,50.07542
855,46.14671
854,47.62117
853,53.13686
852,59.63454
851,62.76861
850,60.21508
849,54.18730
848,49.19357
847,48.51701
846,53.65679
845,64.30293
844,77.01372
843,85.56299
842,85.84718
841,80.23383
840,74.62175
839,73.18803
838,76.58566
837,82.82179
836,88.50371
835,91.40216
834,92.32576
833,93.30216
832,95.06202
831,96.05685
830,93.69115
829,87.30701
828,79.60713
827,74.32457
826,73.81560
825,78.03087
824,84.21801
823,87.87883
822,86.17566
821,80.21607
820,73.96130
819,71.04311
818,72.93030
817,78.87242
816,86.26322
815,91.60673
814,93.13031
813,92.09161
812,90.98788
811,91.37369
810,93.37539
809,95.88027
808,97.51564
807,98.03766
806,98.05463
805,98.16830
804,98.58645
803,98.98093
802,99.09089
801,99.12361
800,99.17388
799,99.30706
798,99.39860
797,99.11729
796,98.59923
795,98.33355
794,98.51174
793,98.97913
792,99.36066
791,99.21559
790,98.57122
789,98.04356
788,98.09847
787,98.61758
786,99.09480
785,99.00790
784,98.39179
783,97.90420
782,97.94129
781,98.38744
780,98.99235
779,99.22255
778,99.05173
777,98.94157
776,99.04414
775,99.26506
774,99.40641
773,99.18580
772,98.86273
771,98.84875
770,99.10701
769,99.33950
768,99.33063
767,98.98272
766,98.65790
765,98.74547
764,99.10969
763,99.37596
762,99.36296
761,99.10797
760,98.92019
759,99.10438
758,99.42511
757,99.44316
756,99.36164
755,99.28324
754,99.29592
753,99.38997
752,99.17284
751,98.59916
750,98.14989
749,98.18500
748,98.61429
747,99.16595
746,99.30632
745,99.02825
744,98.87130
743,98.98131
742,99.13468
741,99.29607
740,99.22452
739,99.10152
738,99.23692
737,99.45132
736,99.49301
735,99.47643
734,99.44064
733,99.43884
732,99.48018
731,99.23291
730,98.82885
729,98.69801
728,98.92863
727,99.29404
726,99.48641
725,99.39631
724,99.27970
723,99.46695
722,99.54803
721,99.35327
720,99.10248
719,98.97424
718,99.17302
717,99.47632
716,99.38109
715,98.98740
714,98.92688
713,99.19996
712,99.42002
711,99.42933
710,99.11970
709,99.41731
708,99.71236
707,99.62492
706,98.51764
705,98.45188
704,98.14202
703,99.01204
702,99.49059
701,99.26839
700,98.49110
699,98.79091
698,99.55063
697,99.99701
696,98.80252
695,99.15235
694,99.29308
693,99.27617
692,98.88399
691,99.03233
690,99.52106
689,99.45852
688,98.59094
687,98.14315
686,98.57732
685,99.93969
684,99.53321
683,98.90745
682,98.47727
681,98.87398
680,99.05696
679,99.39923
678,98.78841
677,99.59923
676,99.43196
675,98.84643
674,98.93455
673,98.78932
672,99.06814
671,98.96281
670,98.56665
669,98.77499
668,99.19003
667,99.13637
666,98.89971
665,98.51673
664,99.06996
663,99.72660
662,99.00224
661,98.18067
660,98.91701
659,99.18523
658,99.04556
657,99.23160
656,98.90585
655,99.77920
654,99.90725
653,99.10122
652,98.92362
651,99.24211
650,98.61682
649,98.15197
648,98.96440
647,99.17450
646,98.62023
645,98.60865
644,99.33699
643,99.55109
642,99.64488
641,99.70180
640,99.19711
639,99.49448
638,99.21310
637,99.29308
636,99.45669
635,99.38984
634,99.42440
633,99.93049
632,98.46752
631,97.79936
630,98.63181
629,99.17815
628,99.57493
627,99.42738
626,99.08114
625,99.56117
624,99.93923
623,99.38732
622,99.84906
621,99.83895
620,99.23640
619,99.48372
618,99.64351
617,99.33150
616,98.96167
615,99.36010
614,99.26291
613,98.23811
612,98.38389
611,99.13842
610,99.51854
609,99.45142
608,99.78540
607,98.78409
606,98.99312
605,99.23297
604,99.37703
603,99.28988
602,98.66724
601,98.88490
600,99.37703
599,98.63976
598,98.72519
597,99.56988
596,98.97397
595,98.31505
594,98.49110
593,98.79137
592,99.11331
591,98.60047
590,98.22748
589,98.89265
588,99.07133
587,98.17796
586,98.20238
585,98.43533
584,98.32275
583,98.50584
582,98.83915
581,98.75839
580,98.33724
579,98.72860
578,98.96577
577,98.80684
576,98.63999
575,98.69769
574,98.48634
573,98.50199
572,98.64544
571,98.15129
570,98.10158
569,98.50108
568,97.94020
567,97.90548
566,97.86401
565,97.68345
564,98.22544
563,98.16372
562,97.93614
561,98.17660
560,97.87483
559,97.90571
558,98.43850
557,97.75838
556,97.63353
555,97.43680
554,96.74577
553,97.88181
552,98.96395
551,98.91405
550,98.03858
549,97.77797
548,98.85440
547,98.44825
546,97.38947
545,95.62336
544,90.11208
543,73.70603
542,44.23622
541,14.55529
540,0.22363
539,0.02707
538,0.00510
537,0.00060
536,0.00010
535,0.00009
534,0.00009
533,0.00009
532,0.00008
531,0.00044
530,0.00497
529,0.03358
528,0.48195
527,14.97642
526,58.06254
525,92.40788
524,96.07602
523,96.14352
522,97.39777
521,98.17434
520,98.65157
519,98.57709
518,98.33022
517,98.08938
516,97.97426
515,96.98152
514,95.87293
513,96.48527
512,96.42641
511,96.61465
510,96.66494
509,96.72172
508,96.89849
507,97.10263
506,97.12790
505,97.06306
504,97.35898
503,97.48998
502,97.21807
501,97.10845
500,97.20934
499,97.08452
498,97.70347
497,97.90886
496,97.36032
495,97.29421
494,97.51872
493,97.64949
492,97.91179
491,97.97404
490,97.81557
489,97.94043
488,98.05890
487,98.01962
486,97.71630
485,97.83967
484,98.07877
483,98.07222
482,98.12191
481,98.26797
480,98.13072
479,97.88609
478,97.42446
477,97.55174
476,97.90706
475,98.28313
474,97.83021
473,97.66096
472,98.01555
471,98.06680
470,97.95960
469,97.27383
468,96.81619
467,97.02754
466,97.54365
465,97.85162
464,97.49784
463,97.06731
462,97.20867
461,96.85900
460,96.83470
459,97.27159
458,97.77121
457,97.37736
456,97.02664
455,97.08162
454,96.91076
453,97.13595
452,97.56903
451,97.38611
450,97.47450
449,97.04653
448,96.32100
447,96.32877
446,96.57106
445,96.68698
444,96.83537
443,97.27450
442,96.66450
441,96.78009
440,97.13125
439,97.22546
438,96.52549
437,96.51126
436,96.10456
435,95.83431
434,95.80827
433,96.03333
432,97.14244
431,96.58463
430,95.56789
429,95.78533
428,96.00150
427,96.26136
426,96.13665
425,95.73880
424,95.58924
423,95.79129
422,95.82195
421,96.31834
420,96.16499
419,95.87558
418,95.86587
417,96.00658
416,95.96790
415,94.84010
414,94.58799
413,94.53007
412,94.63984
411,93.81645
410,93.94248
409,93.79464
408,92.93066
407,92.93643
406,92.72717
405,92.70411
404,92.85665
403,91.52316
402,90.58869
401,90.35746
400,90.53802
399,86.88663
398,86.42925
397,85.66416
396,84.63593
395,83.25479
394,81.35991
393,79.14572
392,77.31883
391,76.08220
390,74.83197
389,72.39119
388,64.83217
387,49.43311
386,30.63108
385,15.41720
384,6.37113
383,2.07230
382,0.47178
381,0.06159
380,0.00354
379,0.00069
378,0.00356
377,0.00391
376,0.00276
375,0.00161
374,0.00265
373,0.00115
372,0.00058
371,0.00392
370,0.00461
369,0.00231
368,0.00265
367,0.00139
366,0.00023
365,0.00370
364,0.00451
363,0.00231
362,0.00324
361,0.00197
360,0.00127
359,0.00463
358,0.00580
357,0.00603
356,0.00499
355,0.00383
354,0.00139
353,0.00500
352,0.00581
351,0.00198
350,0.00454
349,0.00128
348,0.00093
347,0.00478
346,0.00525
345,0.00537
344,0.00502
343,0.00164
342,0.00129
341,0.00409
340,0.00725
339,0.00468
338,0.00433
337,0.00141
336,0.00129
335,0.00469
334,0.00634
333,0.00164
332,0.00528
331,0.00247
330,0.00212
329,0.00376
328,0.00612
327,0.00412
326,0.00495
325,0.00153
324,0.00177
323,0.00389
322,0.00696
321,0.00130
320,0.00579
319,0.00118
318,0.00321
317,0.00559
316,0.00476
315,0.00298
314,0.00369
313,0.00238
312,0.00048
311,0.00406
310,0.00585
309,0.00191
308,0.00431
307,0.00275
306,0.00012
305,0.00503
304,0.00456
303,0.00276
302,0.00432
301,0.00132
300,0.00048
299,0.00433
298,0.00469
297,0.00265
296,0.00434
295,0.00109
294,0.00060
293,0.00447
292,0.00592
291,0.00181
290,0.00568
289,0.00085
288,0.00073
287,0.00497
286,0.00643
285,0.00291
284,0.00559
283,0.00036
282,0.00170
281,0.00414
280,0.00706
279,0.00012
278,0.00585
277,0.00024
276,0.00134
275,0.00354
274,0.00647
273,0.00135
272,0.00733
271,0.00037
270,0.00404
269,0.00502
268,0.00637
267,0.00318
266,0.00318
265,0.00110
264,0.00196
263,0.00503
262,0.00576
261,0.00319
260,0.00650
259,0.00037
258,0.00135
257,0.00627
256,0.00702
255,0.00592
254,0.00506
253,0.00086
252,0.00161
251,0.00630
250,0.00780
249,0.00248
248,0.00583
247,0.00074
246,0.00025
245,0.00633
244,0.00621
243,0.00348
242,0.00522
241,0.00149
240,0.00186
239,0.00634
238,0.00696
237,0.00398
236,0.00323
235,0.00162
234,0.00149
233,0.00709
232,0.00585
231,0.00399
230,0.00536
229,0.00200
228,0.00225
227,0.00714
226,0.00502
225,0.00402
224,0.00453
223,0.00290
222,0.00202
221,0.00620
220,0.00635
219,0.00432
218,0.00433
217,0.00230
216,0.00230
215,0.00845
214,0.00642
213,0.00514
212,0.00605
211,0.00245
210,0.00375
209,0.00661
208,0.00766
207,0.00377
206,0.00638
205,0.00339
204,0.00510
203,0.00996
202,0.00998
201,0.00618
200,0.01067
